,source,text,date,compound_score,pos_score,neu_score,neg_score
0,Fox News,Under Armour: 150 million MyFitnessPal accounts were hacked https://t.co/RVgdieUSTM,Fri Mar 30 16:47:06 +0000 2018,-0.4019,0.0,0.748,0.252
1,Fox News,".@JessicaTarlov: ""With Jeff Sessions having recused himself from the Russia investigation, which I know aggravates… https://t.co/qO9exfurzP",Fri Mar 30 16:37:53 +0000 2018,0.0,0.0,1.0,0.0
2,Fox News,"Nearly 300,000 VW diesels are sitting in lots across the U.S. https://t.co/LUKtjFCenW",Fri Mar 30 16:33:59 +0000 2018,0.0,0.0,1.0,0.0
3,Fox News,".@LisaMarieBoothe: ""I don't know what changed from 2006 when you had people like Sen. Dianne Feinstein,… https://t.co/RYAqrflX6s",Fri Mar 30 16:22:48 +0000 2018,0.3612,0.135,0.865,0.0
4,Fox News,".@davidwebbshow: ""Tell me a case where a wall doesn't work where it's needed. You can't."" #Outnumbered https://t.co/gUn1QikwOr",Fri Mar 30 16:20:13 +0000 2018,0.0,0.0,1.0,0.0
5,Fox News,".@POTUS, yesterday: ""We spend billions of dollars in other countries maintaining their borders and we can't maintai… https://t.co/aicqqdYdUb",Fri Mar 30 16:16:40 +0000 2018,0.0,0.0,1.0,0.0
6,Fox News,".@LisaMarieBoothe: ""All we've been hearing about is: '@POTUS needs to get tougher on Russia, tougher on Russia.' An… https://t.co/9rK5tKWqUB",Fri Mar 30 16:10:56 +0000 2018,0.34,0.167,0.833,0.0
7,Fox News,Pilot kisses ground after emergency landing in Florida https://t.co/YvYHKYRUio https://t.co/Y7sSRxmtko,Fri Mar 30 16:10:25 +0000 2018,0.1779,0.237,0.576,0.187
8,Fox News,".@davidwebbshow: ""Russia's really playing a game of trying to play the victim."" #Outnumbered https://t.co/n5pqoDYzWh",Fri Mar 30 16:05:19 +0000 2018,0.5413,0.29,0.71,0.0
9,Fox News,"RT @FoxBusiness: .@McDonalds expands worker tuition benefits, citing tax law https://t.co/RXbVuYIdxI https://t.co/UQ9EKbW10y",Fri Mar 30 15:58:45 +0000 2018,0.4588,0.286,0.714,0.0
10,Fox News,Arnold Schwarzenegger reportedly undergoes emergency heart surgery https://t.co/w9PBVeHdWv,Fri Mar 30 15:53:28 +0000 2018,-0.3818,0.0,0.729,0.271
11,Fox News,Leaked Facebook 'ugly truth' memo about the social network’s growth sparks controversy https://t.co/eaY6BuYX84,Fri Mar 30 15:48:07 +0000 2018,-0.1779,0.251,0.462,0.287
12,Fox News,.@HillaryClinton: No one tells a man to go away. https://t.co/VGn9BcoKnF https://t.co/TBQJ0OU0T8,Fri Mar 30 15:41:07 +0000 2018,-0.296,0.0,0.804,0.196
13,Fox News,OPINION: Marc Thiessen: There is nothing wrong with a census question about citizenship https://t.co/mtKiIgluMh,Fri Mar 30 15:37:25 +0000 2018,0.3724,0.175,0.825,0.0
14,Fox News,".@kayleighmcenany: ""[@POTUS] blew past the mainstream media and used this very open forum... to tout what he has do… https://t.co/hHoQPXymeA",Fri Mar 30 15:33:43 +0000 2018,-0.128,0.0,0.927,0.073
15,Fox News,"Noor Salman, widow of Pulse nightclub gunman, found not guilty https://t.co/zr7BoM8AGp",Fri Mar 30 15:19:38 +0000 2018,0.3252,0.189,0.811,0.0
16,Fox News,".@newtgingrich: ""Once in a while, Hollywood will make a movie that appeals to middle America that'll do amazingly w… https://t.co/wKtalEfAQC",Fri Mar 30 15:09:00 +0000 2018,0.0,0.0,1.0,0.0
17,Fox News,"'Satan 2' nuclear missile again test-launched by Russia, as Putin brags of 'invulnerable' arsenal https://t.co/dHdOQQt6em",Fri Mar 30 15:01:29 +0000 2018,0.0,0.0,1.0,0.0
18,Fox News,"RT @FoxNewsResearch: ""Roseanne"" Reboot →
•Averaged 18.4 million viewers
•8th most-watched non-sports telecast on network TV over the past y…",Fri Mar 30 14:57:16 +0000 2018,0.0,0.0,1.0,0.0
19,Fox News,".@TuckerCarlson: The Left Sees Illegal Immigrants Voting as a Way to Obtain Power
https://t.co/7AJCGPvXBg",Fri Mar 30 14:57:13 +0000 2018,-0.5574,0.0,0.769,0.231
20,CNN,The Trump administration will require visa applicants to submit five years of social media history https://t.co/M6qbYd6Uv1,Fri Mar 30 16:39:51 +0000 2018,0.0,0.0,1.0,0.0
21,CNN,Attorney Gloria Allred has withdrawn from representing Summer Zervos in her defamation suit against President Trump… https://t.co/B5nHFIxFv8,Fri Mar 30 16:30:28 +0000 2018,0.0,0.0,1.0,0.0
22,CNN,"To critics who say she should ""go away"" after losing to Trump, Hillary Clinton says, ""they never said that to any m… https://t.co/3RhjbE0NQh",Fri Mar 30 16:24:24 +0000 2018,-0.5859,0.0,0.814,0.186
23,CNN,"SpaceX launched another rocket on Friday, and this time it tried to land the $6 million nose cone into a giant seab… https://t.co/NMBsh3OQuX",Fri Mar 30 16:18:00 +0000 2018,0.128,0.067,0.933,0.0
24,CNN,This Chinese space lab could plummet back to earth as early as Saturday https://t.co/ZSc6omLCy9 https://t.co/jgjCZ5IqQJ,Fri Mar 30 16:12:55 +0000 2018,0.0,0.0,1.0,0.0
25,CNN,"An off-duty police officer died Thursday in Kentucky after a man impersonating an officer shot him, police say… https://t.co/20vfVWu5D6",Fri Mar 30 15:59:15 +0000 2018,-0.5574,0.0,0.825,0.175
26,CNN,"If you stand inside the world's quietest room for long enough, you start to hear your heartbeat. Then you lose your… https://t.co/eBQKi8TPlh",Fri Mar 30 15:51:00 +0000 2018,-0.4019,0.0,0.886,0.114
27,CNN,This man spent more years behind bars than any other wrongfully imprisoned person in America https://t.co/L9pLu1Q6nL https://t.co/kf3WW43anM,Fri Mar 30 15:42:36 +0000 2018,-0.4588,0.0,0.842,0.158
28,CNN,Mark Zuckerberg has disavowed an internal memo written by a top Facebook executive in 2016 that argued growth shoul… https://t.co/rt6Orqn7NR,Fri Mar 30 15:33:31 +0000 2018,0.2263,0.192,0.699,0.109
29,CNN,A Connecticut Democratic congresswoman is apologizing after she kept a top aide on her payroll for several months d… https://t.co/rChtdK8tSk,Fri Mar 30 15:21:55 +0000 2018,0.128,0.094,0.838,0.068
30,CNN,"Russia released video footage Friday of a test launch of its new ""Satan 2"" intercontinental ballistic missile… https://t.co/Ac0UqHuxfd",Fri Mar 30 15:11:43 +0000 2018,0.0,0.0,1.0,0.0
31,CNN,"JUST IN: Noor Salman, the widow of the Pulse nightclub gunman, was found not guilty of charges in connection with h… https://t.co/LeDjGXUeP1",Fri Mar 30 15:01:07 +0000 2018,0.4847,0.172,0.828,0.0
32,CNN,"At least eight Palestinians were killed and more than 1,000 injured in confrontations with Israeli security forces… https://t.co/dnAn5jY4N3",Fri Mar 30 14:51:02 +0000 2018,-0.8207,0.091,0.531,0.378
33,CNN,"JUST IN: A US service member was killed in an improvised explosive device attack in Syria on Thursday, an official… https://t.co/zfLUB6dPzd",Fri Mar 30 14:39:44 +0000 2018,-0.8225,0.0,0.703,0.297
34,CNN,Coffee may come with a cancer warning label in California https://t.co/x4VA27Gloy https://t.co/ycwyKtFjd7,Fri Mar 30 14:28:14 +0000 2018,-0.7783,0.0,0.57,0.43
35,CNN,New footage shows Kim Jong Un holding court inside his armored train https://t.co/jirt7bIM1q https://t.co/Izv0nlm0s7,Fri Mar 30 14:21:15 +0000 2018,0.0,0.0,1.0,0.0
36,CNN,SpaceX is launching one of its Falcon 9 rockets and is expected to make an experimental attempt to guide the rocket… https://t.co/CCpVW3Voo7,Fri Mar 30 14:09:04 +0000 2018,0.0,0.0,1.0,0.0
37,CNN,"Trump and ""Roseanne"" are making a conservative case for representation in media | Analysis by Hunter Schwarz… https://t.co/asAl350Eta",Fri Mar 30 13:59:57 +0000 2018,0.0,0.0,1.0,0.0
38,CNN,Two Baton Rouge police officers involved in the 2016 shooting death of Alton Sterling are expected to learn today w… https://t.co/h6e0RLJGap,Fri Mar 30 13:46:48 +0000 2018,-0.5994,0.0,0.837,0.163
39,CNN,China says a gang used drones to smuggle almost $80 million worth of smartphones https://t.co/689tFCKGZ6,Fri Mar 30 13:36:09 +0000 2018,-0.2415,0.101,0.739,0.16
40,BBC News (World),Parkland student David Hogg rejects Fox News host's apology https://t.co/bt9Eu2uCbB,Fri Mar 30 16:48:14 +0000 2018,-0.4588,0.097,0.645,0.258
41,BBC News (World),Kosovo security chiefs sacked after six Turks deported https://t.co/ECtnW0DivL,Fri Mar 30 16:46:04 +0000 2018,0.34,0.231,0.769,0.0
42,BBC News (World),Noor Salman: Pulse nightclub shooter's widow not guilty https://t.co/afpEyQwyDJ,Fri Mar 30 14:35:32 +0000 2018,0.3252,0.226,0.774,0.0
43,BBC News (World),Vatican: Pope did not say there is no hell https://t.co/k9htWRJoNF,Fri Mar 30 13:43:56 +0000 2018,-0.7783,0.0,0.541,0.459
44,BBC News (World),Scammers impersonate French first lady Brigitte Macron https://t.co/SE4Wy6tWPB,Fri Mar 30 13:41:07 +0000 2018,0.0,0.0,1.0,0.0
45,BBC News (World),Lindsay Lohan loses GTA V privacy case appeal https://t.co/es4JwTwbFC,Fri Mar 30 13:01:35 +0000 2018,-0.3182,0.0,0.753,0.247
46,BBC News (World),Syria war: Turkey's Erdogan rejects French mediation offer https://t.co/aPHKNjOvSs,Fri Mar 30 12:56:56 +0000 2018,-0.7964,0.0,0.496,0.504
47,BBC News (World),Kim Jong-un visit: What else crosses the China-North Korea border? https://t.co/lPmI1xe0LS,Fri Mar 30 12:54:35 +0000 2018,0.0,0.0,1.0,0.0
48,BBC News (World),"China's 'Jack the Ripper', Gao Chengyong, sentenced to death https://t.co/e8NAzpiKr2",Fri Mar 30 12:21:15 +0000 2018,-0.6124,0.0,0.615,0.385
49,BBC News (World),Test-launch footage of Russian ballistic missile Satan 2 https://t.co/X7CXi0R8Ss,Fri Mar 30 12:14:19 +0000 2018,0.0,0.0,1.0,0.0
50,BBC News (World),Spy poisoning: Russia expels 'unfriendly' Western diplomats https://t.co/BKgQvPNzfc,Fri Mar 30 12:04:18 +0000 2018,-0.7506,0.0,0.484,0.516
51,BBC News (World),"Coffee sold in California must carry cancer warning, judge rules https://t.co/TcX5BjGb8o",Fri Mar 30 11:04:58 +0000 2018,-0.7783,0.0,0.57,0.43
52,BBC News (World),Russia state of emergency as toxic dump fumes hit town near Moscow https://t.co/jzgICamFwk,Fri Mar 30 10:10:34 +0000 2018,-0.6486,0.0,0.613,0.387
53,BBC News (World),Facebook 'ugly truth' growth memo haunts firm https://t.co/wkFtFBoWsH,Fri Mar 30 09:51:30 +0000 2018,-0.1027,0.345,0.282,0.373
54,BBC News (World),NZ seniors' group hits back at 'elderly driver' plates https://t.co/KrHANEWpya,Fri Mar 30 09:27:39 +0000 2018,0.0,0.0,1.0,0.0
55,BBC News (World),Grace Mugabe's farm invaded by Zimbabwe gold diggers https://t.co/tTffJxjUDr,Fri Mar 30 09:01:54 +0000 2018,0.4215,0.259,0.741,0.0
56,BBC News (World),"RT @BBCVishalaSP: Female cabin crew at Cathay Pacific have won a battle to scrap a rule forcing them to wear skirts, we're asking does work…",Fri Mar 30 07:46:20 +0000 2018,0.2732,0.136,0.769,0.095
57,BBC News (World),The South Korean rock band returning to perform in Pyongyang https://t.co/Wdyum09TQf,Fri Mar 30 07:27:58 +0000 2018,0.0,0.0,1.0,0.0
58,BBC News (World),"Colombian church donates 250,000 communion wafers to Venezuela https://t.co/UWTGBxvtQx",Fri Mar 30 07:18:08 +0000 2018,0.0,0.0,1.0,0.0
59,BBC News (World),Easter: Irish pubs lift Good Friday alcohol ban https://t.co/Jfs8mwLBqL,Fri Mar 30 05:55:35 +0000 2018,-0.1779,0.215,0.519,0.267
60,CBS News,"A 48-foot section of the ""holy grail of shipwrecks"" has washed ashore on a Florida beach, thrilling researchers who… https://t.co/j7lmzgOKBy",Fri Mar 30 16:41:02 +0000 2018,0.4767,0.154,0.846,0.0
61,CBS News,"The Vatican is denying that Pope Francis told an Italian journalist that ""there is no hell"" https://t.co/2lBJdM9gna https://t.co/BYjyjvFDpd",Fri Mar 30 16:25:01 +0000 2018,-0.8481,0.0,0.62,0.38
62,CBS News,"In a clear signal to the West, Russia released video today of a test launch of a new intercontinental ballistic mis… https://t.co/GQ5pd48er6",Fri Mar 30 16:08:00 +0000 2018,0.3818,0.126,0.874,0.0
63,CBS News,"A 19,000-pound space station is falling toward Earth and scientists project it may land sometime between Saturday a… https://t.co/0V84xoyDzL",Fri Mar 30 15:50:32 +0000 2018,-0.1531,0.0,0.914,0.086
64,CBS News,"American service member killed in Syria roadside bombing, U.S. military official confirms to CBS News… https://t.co/Liu7lEzydg",Fri Mar 30 15:35:01 +0000 2018,-0.6705,0.0,0.769,0.231
65,CBS News,A search and rescue team of 9 people and a cadaver dog are searching the area where an SUV plunged off a California… https://t.co/bGMsAqXLf9,Fri Mar 30 15:20:01 +0000 2018,0.5106,0.148,0.852,0.0
66,CBS News,"""We have a little slogan we say, 'Worship, work and win.' We need to do all of those things. God always hears, but… https://t.co/M7KiCbT1QM",Fri Mar 30 15:04:56 +0000 2018,0.2732,0.087,0.913,0.0
67,CBS News,"WATCH LIVE: Sister Jean Schmidt, Loyola-Chicago's team chaplain, gives a press conference ahead of the #FinalFour… https://t.co/w4Vi7Oz8MY",Fri Mar 30 15:01:23 +0000 2018,0.0,0.0,1.0,0.0
68,CBS News,"""I feel so bad for themI lost a child, I know how it feels,” Noor Salman’s cousin says to victims of Pulse nightclu… https://t.co/NnFdJTQcak",Fri Mar 30 14:56:56 +0000 2018,-0.8439,0.0,0.676,0.324
69,CBS News,"""I said from day one that she was innocent and that I will stand here in front of you when the jury comes up with t… https://t.co/9yyHq4zqCX",Fri Mar 30 14:53:07 +0000 2018,0.34,0.088,0.912,0.0
70,CBS News,"""The family wants to first say we are very sorry for the family members and friends of the 49 victims of the Pulse… https://t.co/xFzLfWhgOe",Fri Mar 30 14:50:36 +0000 2018,0.0534,0.111,0.75,0.139
71,CBS News,"Noor Salman, the wife of the Pulse nightclub shooter, cried when the not guilty verdict was read and so did the fam… https://t.co/W6Fq4UYKFL",Fri Mar 30 14:42:04 +0000 2018,-0.1808,0.088,0.758,0.153
72,CBS News,"""I think many people will be surprised by the verdict, and perhaps others who followed the trial more closely won't… https://t.co/W6IolJGwhm",Fri Mar 30 14:39:20 +0000 2018,0.3612,0.156,0.844,0.0
73,CBS News,"NEW: Noor Salman, the wife of Pulse nightclub shooter Omar Mateen, found not guilty of aiding her husband with the… https://t.co/pNTpXnAJD7",Fri Mar 30 14:35:17 +0000 2018,0.3252,0.104,0.896,0.0
74,CBS News,"WATCH: SpaceX Falcon 9 rocket launches into space from Vandenberg Air Force Base in California, carrying 10 communi… https://t.co/0rNRzxM0RK",Fri Mar 30 14:17:31 +0000 2018,0.0,0.0,1.0,0.0
75,CBS News,Investigators on special counsel Robert Mueller's team have been asking questions about the 2016 Republican Nationa… https://t.co/J3G9omw3jP,Fri Mar 30 14:15:01 +0000 2018,0.4019,0.144,0.856,0.0
76,CBS News,"NEW: Jurors have reached a verdict in the trial of Noor Salman, the widow of the Pulse nightclub shooter; verdict e… https://t.co/IC13CZMUAt",Fri Mar 30 14:03:59 +0000 2018,0.3818,0.204,0.796,0.0
77,CBS News,"Russian ships are lurking around underwater communications cables, causing the U.S. and its allies to worry the Kre… https://t.co/VTBt6bBJ78",Fri Mar 30 14:00:02 +0000 2018,-0.5267,0.0,0.794,0.206
78,CBS News,"Hard numbers:
▪️70: Estimated 70% of guns recovered at crime scenes in Mexico crime since 2009 were purchased in th… https://t.co/3vYMH9fZ4K",Fri Mar 30 13:45:19 +0000 2018,-0.8126,0.0,0.682,0.318
79,CBS News,Walmart's appeal is gaining among Democrats as a majority of shoppers who identify as Democrats now say they would… https://t.co/UFKVL7OOLv,Fri Mar 30 13:45:01 +0000 2018,0.4215,0.135,0.865,0.0
80,The New York Times,"In college basketball, Catholic schools have long punched well above their weight. The reasons stretch back a centu… https://t.co/wJkwuvDZRS",Fri Mar 30 16:48:03 +0000 2018,0.2732,0.11,0.89,0.0
81,The New York Times,"RT @dgelles: Cash may be king, but it's no longer essential. 

I've gone cashless. My essay here: 
https://t.co/laHrQD9j1F",Fri Mar 30 16:38:07 +0000 2018,-0.4215,0.0,0.859,0.141
82,The New York Times,The midterm elections will determine the political script for the rest of President Trump’s first term. And Pennsyl… https://t.co/ZpZGFxjunA,Fri Mar 30 16:28:05 +0000 2018,0.0,0.0,1.0,0.0
83,The New York Times,"Puerto Ricans are trickling back to the island. They must come to terms with a Puerto Rico that is still crippled,… https://t.co/Wml9x3rYyw",Fri Mar 30 16:18:03 +0000 2018,-0.0516,0.0,0.943,0.057
84,The New York Times,Hope Hicks has left the building. Those who remain are wondering what happens now. https://t.co/ds3NJlS4i8,Fri Mar 30 16:08:02 +0000 2018,0.4404,0.172,0.828,0.0
85,The New York Times,"In Opinion

Alex Wagner writes: ""Racially speaking, the United States is 0% Hispanic. This is confusing — especiall… https://t.co/kzJaxIOguf",Fri Mar 30 15:58:04 +0000 2018,0.2263,0.135,0.773,0.092
86,The New York Times,A California judge’s ruling would require cancer warning labels on coffee. The coffee industry is considering how t… https://t.co/1GJ1f9b3Mj,Fri Mar 30 15:48:06 +0000 2018,-0.7783,0.0,0.702,0.298
87,The New York Times,"""That’s how I ended up losing my virginity on a fourth date with a middle-school teacher that I didn’t even particu… https://t.co/Dk0vk6HRT2",Fri Mar 30 15:38:02 +0000 2018,-0.3818,0.0,0.867,0.133
88,The New York Times,Breaking News: What was billed as a peaceful protest along Gaza's border with Israel turned bloody. The Israeli mil… https://t.co/RVW9kEuN82,Fri Mar 30 15:31:03 +0000 2018,-0.1779,0.133,0.664,0.203
89,The New York Times,"There’s been talk of bankruptcy swirling around Gibson, the Nashville-based guitar company. What happened? https://t.co/cOVKNf2Wbm",Fri Mar 30 15:28:03 +0000 2018,0.0,0.0,1.0,0.0
90,The New York Times,A Russian man accused of hacking 3 American tech companies in 2012 has been extradited to the U.S. https://t.co/MnltMkO1Oe,Fri Mar 30 15:18:07 +0000 2018,-0.296,0.0,0.879,0.121
91,The New York Times,"RT @jodikantor: Six months ago, @ronlieber wrote about teachers and firefighters being seriously screwed by a government student loan progr…",Fri Mar 30 15:08:06 +0000 2018,-0.5994,0.0,0.776,0.224
92,The New York Times,"Another week, another news quiz. Tell us how you did. https://t.co/buvo5zeiKz",Fri Mar 30 14:58:04 +0000 2018,0.0,0.0,1.0,0.0
93,The New York Times,"President Trump insisted he will never again sign a huge catchall spending bill. Given the state of Congress,… https://t.co/Ov68bYiDwD",Fri Mar 30 14:48:05 +0000 2018,-0.2411,0.0,0.897,0.103
94,The New York Times,Exxon sued to try to block investigations into its research and public statements about climate change. A judge dis… https://t.co/uFOMCdotBj,Fri Mar 30 14:38:08 +0000 2018,-0.4404,0.0,0.861,0.139
95,The New York Times,"Breaking News: Noor Salman, the widow of the Pulse nightclub shooter, was found not guilty of helping her husband c… https://t.co/O1tNykTV7B",Fri Mar 30 14:33:36 +0000 2018,0.1139,0.1,0.818,0.081
96,The New York Times,"By tying a trade deal with South Korea to progress in denuclearizing North Korea, President Trump is showing how li… https://t.co/IfnzE5hDEO",Fri Mar 30 14:28:06 +0000 2018,0.4215,0.128,0.872,0.0
97,The New York Times,RT @UpshotNYT: Does more immigration mean more crime? In collaboration with the @MarshallProj we look at the data behind this widely held i…,Fri Mar 30 14:18:03 +0000 2018,-0.5849,0.0,0.853,0.147
98,The New York Times,Why do cracking knuckles make that sound? You might need a calculator to explain it. https://t.co/YpjnR3SXN2,Fri Mar 30 14:11:04 +0000 2018,0.0,0.0,1.0,0.0
99,The New York Times,5 times David Pecker and The National Enquirer have defended or championed President Trump https://t.co/1BQX7SYOm5,Fri Mar 30 14:02:04 +0000 2018,0.296,0.145,0.855,0.0
100,Fox News,Under Armour: 150 million MyFitnessPal accounts were hacked https://t.co/RVgdieUSTM,Fri Mar 30 16:47:06 +0000 2018,-0.4019,0.0,0.748,0.252
101,Fox News,".@JessicaTarlov: ""With Jeff Sessions having recused himself from the Russia investigation, which I know aggravates… https://t.co/qO9exfurzP",Fri Mar 30 16:37:53 +0000 2018,0.0,0.0,1.0,0.0
102,Fox News,"Nearly 300,000 VW diesels are sitting in lots across the U.S. https://t.co/LUKtjFCenW",Fri Mar 30 16:33:59 +0000 2018,0.0,0.0,1.0,0.0
103,Fox News,".@LisaMarieBoothe: ""I don't know what changed from 2006 when you had people like Sen. Dianne Feinstein,… https://t.co/RYAqrflX6s",Fri Mar 30 16:22:48 +0000 2018,0.3612,0.135,0.865,0.0
104,Fox News,".@davidwebbshow: ""Tell me a case where a wall doesn't work where it's needed. You can't."" #Outnumbered https://t.co/gUn1QikwOr",Fri Mar 30 16:20:13 +0000 2018,0.0,0.0,1.0,0.0
105,Fox News,".@POTUS, yesterday: ""We spend billions of dollars in other countries maintaining their borders and we can't maintai… https://t.co/aicqqdYdUb",Fri Mar 30 16:16:40 +0000 2018,0.0,0.0,1.0,0.0
106,Fox News,".@LisaMarieBoothe: ""All we've been hearing about is: '@POTUS needs to get tougher on Russia, tougher on Russia.' An… https://t.co/9rK5tKWqUB",Fri Mar 30 16:10:56 +0000 2018,0.34,0.167,0.833,0.0
107,Fox News,Pilot kisses ground after emergency landing in Florida https://t.co/YvYHKYRUio https://t.co/Y7sSRxmtko,Fri Mar 30 16:10:25 +0000 2018,0.1779,0.237,0.576,0.187
108,Fox News,".@davidwebbshow: ""Russia's really playing a game of trying to play the victim."" #Outnumbered https://t.co/n5pqoDYzWh",Fri Mar 30 16:05:19 +0000 2018,0.5413,0.29,0.71,0.0
109,Fox News,"RT @FoxBusiness: .@McDonalds expands worker tuition benefits, citing tax law https://t.co/RXbVuYIdxI https://t.co/UQ9EKbW10y",Fri Mar 30 15:58:45 +0000 2018,0.4588,0.286,0.714,0.0
110,Fox News,Arnold Schwarzenegger reportedly undergoes emergency heart surgery https://t.co/w9PBVeHdWv,Fri Mar 30 15:53:28 +0000 2018,-0.3818,0.0,0.729,0.271
111,Fox News,Leaked Facebook 'ugly truth' memo about the social network’s growth sparks controversy https://t.co/eaY6BuYX84,Fri Mar 30 15:48:07 +0000 2018,-0.1779,0.251,0.462,0.287
112,Fox News,.@HillaryClinton: No one tells a man to go away. https://t.co/VGn9BcoKnF https://t.co/TBQJ0OU0T8,Fri Mar 30 15:41:07 +0000 2018,-0.296,0.0,0.804,0.196
113,Fox News,OPINION: Marc Thiessen: There is nothing wrong with a census question about citizenship https://t.co/mtKiIgluMh,Fri Mar 30 15:37:25 +0000 2018,0.3724,0.175,0.825,0.0
114,Fox News,".@kayleighmcenany: ""[@POTUS] blew past the mainstream media and used this very open forum... to tout what he has do… https://t.co/hHoQPXymeA",Fri Mar 30 15:33:43 +0000 2018,-0.128,0.0,0.927,0.073
115,Fox News,"Noor Salman, widow of Pulse nightclub gunman, found not guilty https://t.co/zr7BoM8AGp",Fri Mar 30 15:19:38 +0000 2018,0.3252,0.189,0.811,0.0
116,Fox News,".@newtgingrich: ""Once in a while, Hollywood will make a movie that appeals to middle America that'll do amazingly w… https://t.co/wKtalEfAQC",Fri Mar 30 15:09:00 +0000 2018,0.0,0.0,1.0,0.0
117,Fox News,"'Satan 2' nuclear missile again test-launched by Russia, as Putin brags of 'invulnerable' arsenal https://t.co/dHdOQQt6em",Fri Mar 30 15:01:29 +0000 2018,0.0,0.0,1.0,0.0
118,Fox News,"RT @FoxNewsResearch: ""Roseanne"" Reboot →
•Averaged 18.4 million viewers
•8th most-watched non-sports telecast on network TV over the past y…",Fri Mar 30 14:57:16 +0000 2018,0.0,0.0,1.0,0.0
119,Fox News,".@TuckerCarlson: The Left Sees Illegal Immigrants Voting as a Way to Obtain Power
https://t.co/7AJCGPvXBg",Fri Mar 30 14:57:13 +0000 2018,-0.5574,0.0,0.769,0.231
120,CNN,The Trump administration will require visa applicants to submit five years of social media history https://t.co/M6qbYd6Uv1,Fri Mar 30 16:39:51 +0000 2018,0.0,0.0,1.0,0.0
121,CNN,Attorney Gloria Allred has withdrawn from representing Summer Zervos in her defamation suit against President Trump… https://t.co/B5nHFIxFv8,Fri Mar 30 16:30:28 +0000 2018,0.0,0.0,1.0,0.0
122,CNN,"To critics who say she should ""go away"" after losing to Trump, Hillary Clinton says, ""they never said that to any m… https://t.co/3RhjbE0NQh",Fri Mar 30 16:24:24 +0000 2018,-0.5859,0.0,0.814,0.186
123,CNN,"SpaceX launched another rocket on Friday, and this time it tried to land the $6 million nose cone into a giant seab… https://t.co/NMBsh3OQuX",Fri Mar 30 16:18:00 +0000 2018,0.128,0.067,0.933,0.0
124,CNN,This Chinese space lab could plummet back to earth as early as Saturday https://t.co/ZSc6omLCy9 https://t.co/jgjCZ5IqQJ,Fri Mar 30 16:12:55 +0000 2018,0.0,0.0,1.0,0.0
125,CNN,"An off-duty police officer died Thursday in Kentucky after a man impersonating an officer shot him, police say… https://t.co/20vfVWu5D6",Fri Mar 30 15:59:15 +0000 2018,-0.5574,0.0,0.825,0.175
126,CNN,"If you stand inside the world's quietest room for long enough, you start to hear your heartbeat. Then you lose your… https://t.co/eBQKi8TPlh",Fri Mar 30 15:51:00 +0000 2018,-0.4019,0.0,0.886,0.114
127,CNN,This man spent more years behind bars than any other wrongfully imprisoned person in America https://t.co/L9pLu1Q6nL https://t.co/kf3WW43anM,Fri Mar 30 15:42:36 +0000 2018,-0.4588,0.0,0.842,0.158
128,CNN,Mark Zuckerberg has disavowed an internal memo written by a top Facebook executive in 2016 that argued growth shoul… https://t.co/rt6Orqn7NR,Fri Mar 30 15:33:31 +0000 2018,0.2263,0.192,0.699,0.109
129,CNN,A Connecticut Democratic congresswoman is apologizing after she kept a top aide on her payroll for several months d… https://t.co/rChtdK8tSk,Fri Mar 30 15:21:55 +0000 2018,0.128,0.094,0.838,0.068
130,CNN,"Russia released video footage Friday of a test launch of its new ""Satan 2"" intercontinental ballistic missile… https://t.co/Ac0UqHuxfd",Fri Mar 30 15:11:43 +0000 2018,0.0,0.0,1.0,0.0
131,CNN,"JUST IN: Noor Salman, the widow of the Pulse nightclub gunman, was found not guilty of charges in connection with h… https://t.co/LeDjGXUeP1",Fri Mar 30 15:01:07 +0000 2018,0.4847,0.172,0.828,0.0
132,CNN,"At least eight Palestinians were killed and more than 1,000 injured in confrontations with Israeli security forces… https://t.co/dnAn5jY4N3",Fri Mar 30 14:51:02 +0000 2018,-0.8207,0.091,0.531,0.378
133,CNN,"JUST IN: A US service member was killed in an improvised explosive device attack in Syria on Thursday, an official… https://t.co/zfLUB6dPzd",Fri Mar 30 14:39:44 +0000 2018,-0.8225,0.0,0.703,0.297
134,CNN,Coffee may come with a cancer warning label in California https://t.co/x4VA27Gloy https://t.co/ycwyKtFjd7,Fri Mar 30 14:28:14 +0000 2018,-0.7783,0.0,0.57,0.43
135,CNN,New footage shows Kim Jong Un holding court inside his armored train https://t.co/jirt7bIM1q https://t.co/Izv0nlm0s7,Fri Mar 30 14:21:15 +0000 2018,0.0,0.0,1.0,0.0
136,CNN,SpaceX is launching one of its Falcon 9 rockets and is expected to make an experimental attempt to guide the rocket… https://t.co/CCpVW3Voo7,Fri Mar 30 14:09:04 +0000 2018,0.0,0.0,1.0,0.0
137,CNN,"Trump and ""Roseanne"" are making a conservative case for representation in media | Analysis by Hunter Schwarz… https://t.co/asAl350Eta",Fri Mar 30 13:59:57 +0000 2018,0.0,0.0,1.0,0.0
138,CNN,Two Baton Rouge police officers involved in the 2016 shooting death of Alton Sterling are expected to learn today w… https://t.co/h6e0RLJGap,Fri Mar 30 13:46:48 +0000 2018,-0.5994,0.0,0.837,0.163
139,CNN,China says a gang used drones to smuggle almost $80 million worth of smartphones https://t.co/689tFCKGZ6,Fri Mar 30 13:36:09 +0000 2018,-0.2415,0.101,0.739,0.16
140,BBC News (World),Parkland student David Hogg rejects Fox News host's apology https://t.co/bt9Eu2uCbB,Fri Mar 30 16:48:14 +0000 2018,-0.4588,0.097,0.645,0.258
141,BBC News (World),Kosovo security chiefs sacked after six Turks deported https://t.co/ECtnW0DivL,Fri Mar 30 16:46:04 +0000 2018,0.34,0.231,0.769,0.0
142,BBC News (World),Noor Salman: Pulse nightclub shooter's widow not guilty https://t.co/afpEyQwyDJ,Fri Mar 30 14:35:32 +0000 2018,0.3252,0.226,0.774,0.0
143,BBC News (World),Vatican: Pope did not say there is no hell https://t.co/k9htWRJoNF,Fri Mar 30 13:43:56 +0000 2018,-0.7783,0.0,0.541,0.459
144,BBC News (World),Scammers impersonate French first lady Brigitte Macron https://t.co/SE4Wy6tWPB,Fri Mar 30 13:41:07 +0000 2018,0.0,0.0,1.0,0.0
145,BBC News (World),Lindsay Lohan loses GTA V privacy case appeal https://t.co/es4JwTwbFC,Fri Mar 30 13:01:35 +0000 2018,-0.3182,0.0,0.753,0.247
146,BBC News (World),Syria war: Turkey's Erdogan rejects French mediation offer https://t.co/aPHKNjOvSs,Fri Mar 30 12:56:56 +0000 2018,-0.7964,0.0,0.496,0.504
147,BBC News (World),Kim Jong-un visit: What else crosses the China-North Korea border? https://t.co/lPmI1xe0LS,Fri Mar 30 12:54:35 +0000 2018,0.0,0.0,1.0,0.0
148,BBC News (World),"China's 'Jack the Ripper', Gao Chengyong, sentenced to death https://t.co/e8NAzpiKr2",Fri Mar 30 12:21:15 +0000 2018,-0.6124,0.0,0.615,0.385
149,BBC News (World),Test-launch footage of Russian ballistic missile Satan 2 https://t.co/X7CXi0R8Ss,Fri Mar 30 12:14:19 +0000 2018,0.0,0.0,1.0,0.0
150,BBC News (World),Spy poisoning: Russia expels 'unfriendly' Western diplomats https://t.co/BKgQvPNzfc,Fri Mar 30 12:04:18 +0000 2018,-0.7506,0.0,0.484,0.516
151,BBC News (World),"Coffee sold in California must carry cancer warning, judge rules https://t.co/TcX5BjGb8o",Fri Mar 30 11:04:58 +0000 2018,-0.7783,0.0,0.57,0.43
152,BBC News (World),Russia state of emergency as toxic dump fumes hit town near Moscow https://t.co/jzgICamFwk,Fri Mar 30 10:10:34 +0000 2018,-0.6486,0.0,0.613,0.387
153,BBC News (World),Facebook 'ugly truth' growth memo haunts firm https://t.co/wkFtFBoWsH,Fri Mar 30 09:51:30 +0000 2018,-0.1027,0.345,0.282,0.373
154,BBC News (World),NZ seniors' group hits back at 'elderly driver' plates https://t.co/KrHANEWpya,Fri Mar 30 09:27:39 +0000 2018,0.0,0.0,1.0,0.0
155,BBC News (World),Grace Mugabe's farm invaded by Zimbabwe gold diggers https://t.co/tTffJxjUDr,Fri Mar 30 09:01:54 +0000 2018,0.4215,0.259,0.741,0.0
156,BBC News (World),"RT @BBCVishalaSP: Female cabin crew at Cathay Pacific have won a battle to scrap a rule forcing them to wear skirts, we're asking does work…",Fri Mar 30 07:46:20 +0000 2018,0.2732,0.136,0.769,0.095
157,BBC News (World),The South Korean rock band returning to perform in Pyongyang https://t.co/Wdyum09TQf,Fri Mar 30 07:27:58 +0000 2018,0.0,0.0,1.0,0.0
158,BBC News (World),"Colombian church donates 250,000 communion wafers to Venezuela https://t.co/UWTGBxvtQx",Fri Mar 30 07:18:08 +0000 2018,0.0,0.0,1.0,0.0
159,BBC News (World),Easter: Irish pubs lift Good Friday alcohol ban https://t.co/Jfs8mwLBqL,Fri Mar 30 05:55:35 +0000 2018,-0.1779,0.215,0.519,0.267
160,CBS News,"A 48-foot section of the ""holy grail of shipwrecks"" has washed ashore on a Florida beach, thrilling researchers who… https://t.co/j7lmzgOKBy",Fri Mar 30 16:41:02 +0000 2018,0.4767,0.154,0.846,0.0
161,CBS News,"The Vatican is denying that Pope Francis told an Italian journalist that ""there is no hell"" https://t.co/2lBJdM9gna https://t.co/BYjyjvFDpd",Fri Mar 30 16:25:01 +0000 2018,-0.8481,0.0,0.62,0.38
162,CBS News,"In a clear signal to the West, Russia released video today of a test launch of a new intercontinental ballistic mis… https://t.co/GQ5pd48er6",Fri Mar 30 16:08:00 +0000 2018,0.3818,0.126,0.874,0.0
163,CBS News,"A 19,000-pound space station is falling toward Earth and scientists project it may land sometime between Saturday a… https://t.co/0V84xoyDzL",Fri Mar 30 15:50:32 +0000 2018,-0.1531,0.0,0.914,0.086
164,CBS News,"American service member killed in Syria roadside bombing, U.S. military official confirms to CBS News… https://t.co/Liu7lEzydg",Fri Mar 30 15:35:01 +0000 2018,-0.6705,0.0,0.769,0.231
165,CBS News,A search and rescue team of 9 people and a cadaver dog are searching the area where an SUV plunged off a California… https://t.co/bGMsAqXLf9,Fri Mar 30 15:20:01 +0000 2018,0.5106,0.148,0.852,0.0
166,CBS News,"""We have a little slogan we say, 'Worship, work and win.' We need to do all of those things. God always hears, but… https://t.co/M7KiCbT1QM",Fri Mar 30 15:04:56 +0000 2018,0.2732,0.087,0.913,0.0
167,CBS News,"WATCH LIVE: Sister Jean Schmidt, Loyola-Chicago's team chaplain, gives a press conference ahead of the #FinalFour… https://t.co/w4Vi7Oz8MY",Fri Mar 30 15:01:23 +0000 2018,0.0,0.0,1.0,0.0
168,CBS News,"""I feel so bad for themI lost a child, I know how it feels,” Noor Salman’s cousin says to victims of Pulse nightclu… https://t.co/NnFdJTQcak",Fri Mar 30 14:56:56 +0000 2018,-0.8439,0.0,0.676,0.324
169,CBS News,"""I said from day one that she was innocent and that I will stand here in front of you when the jury comes up with t… https://t.co/9yyHq4zqCX",Fri Mar 30 14:53:07 +0000 2018,0.34,0.088,0.912,0.0
170,CBS News,"""The family wants to first say we are very sorry for the family members and friends of the 49 victims of the Pulse… https://t.co/xFzLfWhgOe",Fri Mar 30 14:50:36 +0000 2018,0.0534,0.111,0.75,0.139
171,CBS News,"Noor Salman, the wife of the Pulse nightclub shooter, cried when the not guilty verdict was read and so did the fam… https://t.co/W6Fq4UYKFL",Fri Mar 30 14:42:04 +0000 2018,-0.1808,0.088,0.758,0.153
172,CBS News,"""I think many people will be surprised by the verdict, and perhaps others who followed the trial more closely won't… https://t.co/W6IolJGwhm",Fri Mar 30 14:39:20 +0000 2018,0.3612,0.156,0.844,0.0
173,CBS News,"NEW: Noor Salman, the wife of Pulse nightclub shooter Omar Mateen, found not guilty of aiding her husband with the… https://t.co/pNTpXnAJD7",Fri Mar 30 14:35:17 +0000 2018,0.3252,0.104,0.896,0.0
174,CBS News,"WATCH: SpaceX Falcon 9 rocket launches into space from Vandenberg Air Force Base in California, carrying 10 communi… https://t.co/0rNRzxM0RK",Fri Mar 30 14:17:31 +0000 2018,0.0,0.0,1.0,0.0
175,CBS News,Investigators on special counsel Robert Mueller's team have been asking questions about the 2016 Republican Nationa… https://t.co/J3G9omw3jP,Fri Mar 30 14:15:01 +0000 2018,0.4019,0.144,0.856,0.0
176,CBS News,"NEW: Jurors have reached a verdict in the trial of Noor Salman, the widow of the Pulse nightclub shooter; verdict e… https://t.co/IC13CZMUAt",Fri Mar 30 14:03:59 +0000 2018,0.3818,0.204,0.796,0.0
177,CBS News,"Russian ships are lurking around underwater communications cables, causing the U.S. and its allies to worry the Kre… https://t.co/VTBt6bBJ78",Fri Mar 30 14:00:02 +0000 2018,-0.5267,0.0,0.794,0.206
178,CBS News,"Hard numbers:
▪️70: Estimated 70% of guns recovered at crime scenes in Mexico crime since 2009 were purchased in th… https://t.co/3vYMH9fZ4K",Fri Mar 30 13:45:19 +0000 2018,-0.8126,0.0,0.682,0.318
179,CBS News,Walmart's appeal is gaining among Democrats as a majority of shoppers who identify as Democrats now say they would… https://t.co/UFKVL7OOLv,Fri Mar 30 13:45:01 +0000 2018,0.4215,0.135,0.865,0.0
180,The New York Times,"In college basketball, Catholic schools have long punched well above their weight. The reasons stretch back a centu… https://t.co/wJkwuvDZRS",Fri Mar 30 16:48:03 +0000 2018,0.2732,0.11,0.89,0.0
181,The New York Times,"RT @dgelles: Cash may be king, but it's no longer essential. 

I've gone cashless. My essay here: 
https://t.co/laHrQD9j1F",Fri Mar 30 16:38:07 +0000 2018,-0.4215,0.0,0.859,0.141
182,The New York Times,The midterm elections will determine the political script for the rest of President Trump’s first term. And Pennsyl… https://t.co/ZpZGFxjunA,Fri Mar 30 16:28:05 +0000 2018,0.0,0.0,1.0,0.0
183,The New York Times,"Puerto Ricans are trickling back to the island. They must come to terms with a Puerto Rico that is still crippled,… https://t.co/Wml9x3rYyw",Fri Mar 30 16:18:03 +0000 2018,-0.0516,0.0,0.943,0.057
184,The New York Times,Hope Hicks has left the building. Those who remain are wondering what happens now. https://t.co/ds3NJlS4i8,Fri Mar 30 16:08:02 +0000 2018,0.4404,0.172,0.828,0.0
185,The New York Times,"In Opinion

Alex Wagner writes: ""Racially speaking, the United States is 0% Hispanic. This is confusing — especiall… https://t.co/kzJaxIOguf",Fri Mar 30 15:58:04 +0000 2018,0.2263,0.135,0.773,0.092
186,The New York Times,A California judge’s ruling would require cancer warning labels on coffee. The coffee industry is considering how t… https://t.co/1GJ1f9b3Mj,Fri Mar 30 15:48:06 +0000 2018,-0.7783,0.0,0.702,0.298
187,The New York Times,"""That’s how I ended up losing my virginity on a fourth date with a middle-school teacher that I didn’t even particu… https://t.co/Dk0vk6HRT2",Fri Mar 30 15:38:02 +0000 2018,-0.3818,0.0,0.867,0.133
188,The New York Times,Breaking News: What was billed as a peaceful protest along Gaza's border with Israel turned bloody. The Israeli mil… https://t.co/RVW9kEuN82,Fri Mar 30 15:31:03 +0000 2018,-0.1779,0.133,0.664,0.203
189,The New York Times,"There’s been talk of bankruptcy swirling around Gibson, the Nashville-based guitar company. What happened? https://t.co/cOVKNf2Wbm",Fri Mar 30 15:28:03 +0000 2018,0.0,0.0,1.0,0.0
190,The New York Times,A Russian man accused of hacking 3 American tech companies in 2012 has been extradited to the U.S. https://t.co/MnltMkO1Oe,Fri Mar 30 15:18:07 +0000 2018,-0.296,0.0,0.879,0.121
191,The New York Times,"RT @jodikantor: Six months ago, @ronlieber wrote about teachers and firefighters being seriously screwed by a government student loan progr…",Fri Mar 30 15:08:06 +0000 2018,-0.5994,0.0,0.776,0.224
192,The New York Times,"Another week, another news quiz. Tell us how you did. https://t.co/buvo5zeiKz",Fri Mar 30 14:58:04 +0000 2018,0.0,0.0,1.0,0.0
193,The New York Times,"President Trump insisted he will never again sign a huge catchall spending bill. Given the state of Congress,… https://t.co/Ov68bYiDwD",Fri Mar 30 14:48:05 +0000 2018,-0.2411,0.0,0.897,0.103
194,The New York Times,Exxon sued to try to block investigations into its research and public statements about climate change. A judge dis… https://t.co/uFOMCdotBj,Fri Mar 30 14:38:08 +0000 2018,-0.4404,0.0,0.861,0.139
195,The New York Times,"Breaking News: Noor Salman, the widow of the Pulse nightclub shooter, was found not guilty of helping her husband c… https://t.co/O1tNykTV7B",Fri Mar 30 14:33:36 +0000 2018,0.1139,0.1,0.818,0.081
196,The New York Times,"By tying a trade deal with South Korea to progress in denuclearizing North Korea, President Trump is showing how li… https://t.co/IfnzE5hDEO",Fri Mar 30 14:28:06 +0000 2018,0.4215,0.128,0.872,0.0
197,The New York Times,RT @UpshotNYT: Does more immigration mean more crime? In collaboration with the @MarshallProj we look at the data behind this widely held i…,Fri Mar 30 14:18:03 +0000 2018,-0.5849,0.0,0.853,0.147
198,The New York Times,Why do cracking knuckles make that sound? You might need a calculator to explain it. https://t.co/YpjnR3SXN2,Fri Mar 30 14:11:04 +0000 2018,0.0,0.0,1.0,0.0
199,The New York Times,5 times David Pecker and The National Enquirer have defended or championed President Trump https://t.co/1BQX7SYOm5,Fri Mar 30 14:02:04 +0000 2018,0.296,0.145,0.855,0.0
200,Fox News,"Former Clinton communications director Jennifer Palmieri asked @TuckerCarlson Thursday if @HillaryClinton is ""deser… https://t.co/VztU38D6io",Fri Mar 30 14:54:15 +0000 2018,0.0,0.0,1.0,0.0
201,Fox News,"Mary Kay Letourneau's husband, Villi Fualaau, arrested for DUI, report says https://t.co/bf7wEKeFtR",Fri Mar 30 14:47:57 +0000 2018,-0.4767,0.0,0.78,0.22
202,Fox News,Gaza clashes leave 7 dead and hundreds injured. https://t.co/U3dJ4jEvFB https://t.co/pzC5FKFsaN,Fri Mar 30 14:45:00 +0000 2018,-0.802,0.0,0.423,0.577
203,Fox News,"BREAKING NEWS: Noor Salman, widow of Pulse nightclub gunman, found not guilty https://t.co/jDKdmmDI1P https://t.co/XqkYtz279w",Fri Mar 30 14:34:35 +0000 2018,0.3252,0.152,0.848,0.0
204,Fox News,"BREAKING NEWS: Noor Salman, wife of Pulse nightclub shooter Omar Mateen, found not guilty. https://t.co/O5CKeWoZvQ",Fri Mar 30 14:31:41 +0000 2018,0.3252,0.143,0.857,0.0
205,Fox News,".@BernardGoldberg: ""There's an entire country between Manhattan and Malibu... I don't think the people in Hollywood… https://t.co/6wxJDb6t49",Fri Mar 30 14:26:43 +0000 2018,0.0,0.0,1.0,0.0
206,Fox News,LUCKY DUCKS: The Pinellas Park Police Department rescued a family of ducks after they got stuck in a storm drain. I… https://t.co/7SiU4sAeNp,Fri Mar 30 14:22:20 +0000 2018,0.6523,0.25,0.671,0.079
207,Fox News,"NEWS ALERT: Verdict reached in nightclub shooting trial - For full live coverage, tune in to Fox News Channel. https://t.co/x1yMVCPd13",Fri Mar 30 14:20:26 +0000 2018,0.6037,0.271,0.729,0.0
208,Fox News,Freak accident kills mom taking twin daughters to school https://t.co/Mtaquwx7Vh,Fri Mar 30 14:14:55 +0000 2018,-0.8591,0.0,0.424,0.576
209,Fox News,'Smallville' star Kristin Kreuk denies recruiting 'sex slaves' to controversial cult NXIVM https://t.co/rm5Ocnr6Bg,Fri Mar 30 14:05:29 +0000 2018,-0.5574,0.0,0.705,0.295
210,Fox News,Cameron Diaz says she  is 'actually retired' from acting https://t.co/uFo4S3fOWt,Fri Mar 30 14:05:16 +0000 2018,0.0,0.0,1.0,0.0
211,Fox News,"On Twitter, @VP Mike Pence commemorated #GoodFriday. https://t.co/5jxamLL2FS",Fri Mar 30 13:54:46 +0000 2018,0.0,0.0,1.0,0.0
212,Fox News,Sailors assigned to Los Angeles-class attack submarine USS Topeka are greeted by family and friends during a homeco… https://t.co/7OJdc66nca,Fri Mar 30 13:53:57 +0000 2018,0.2732,0.223,0.644,0.133
213,Fox News,"Accountant thrust into emergency goalie role for Chicago @NHLBlackhawks, makes 7 saves (via @RyanGaydos)  https://t.co/10v6nENHMa",Fri Mar 30 13:44:47 +0000 2018,-0.3818,0.0,0.833,0.167
214,Fox News,"Sheriff A.J. Louderback: ""We're a nation of laws, and Texas sheriffs and sheriffs across this country are here to s… https://t.co/Os8rBcmsEf",Fri Mar 30 13:38:00 +0000 2018,0.0,0.0,1.0,0.0
215,Fox News,".@SebGorka: ""This is just common sense finally returning to government."" https://t.co/qlYM0WVhiA",Fri Mar 30 13:36:00 +0000 2018,0.0,0.0,1.0,0.0
216,Fox News,"VIDEO: Mattis jokes Bolton is ""the devil incarnate."" https://t.co/b8SJbEoxyF",Fri Mar 30 13:36:00 +0000 2018,-0.5267,0.149,0.522,0.328
217,Fox News,".@DarrellIssa: ""I don't have any reason to doubt that the investigation will be honestly conducted and I also have… https://t.co/NIPNPnyBSp",Fri Mar 30 13:35:00 +0000 2018,0.128,0.133,0.756,0.111
218,Fox News,"JUST IN: American service member is among the 2 dead in Syria bombing, officials say https://t.co/cdOriFHlYy",Fri Mar 30 13:25:37 +0000 2018,-0.6486,0.0,0.765,0.235
219,Fox News,"Florida college student to be deported after skipping class, buying 'sniper rifle' and dyeing hair: report https://t.co/eoB3gSQ8t7",Fri Mar 30 13:25:27 +0000 2018,0.0,0.0,1.0,0.0
220,CNN,"""She's only apologizing after a third of her advertisers pulled out,"" says Parkland survivor David Hogg, responding… https://t.co/XZ7G5mGkCx",Fri Mar 30 13:26:07 +0000 2018,0.296,0.133,0.798,0.069
221,CNN,The amount of fan mail the Parkland shooter is receiving is unreal https://t.co/gVaR06QrQZ,Fri Mar 30 13:19:29 +0000 2018,0.3182,0.161,0.839,0.0
222,CNN,"Venezuelans lack Communion wafers this Easter, so a Colombian church stepped in to help https://t.co/Ch7m3zb9wi https://t.co/wiNo0G3OTw",Fri Mar 30 13:09:17 +0000 2018,0.1027,0.15,0.722,0.128
223,CNN,A Russian hacker suspected of stealing 117 million LinkedIn passwords in 2012 has been extradited to the US after a… https://t.co/PdXRQ3g0wO,Fri Mar 30 12:58:57 +0000 2018,-0.6808,0.0,0.763,0.237
224,CNN,"""What kind of dumbass colleges don't want you?"" Alisyn Camerota asks Parkland survivor David Hogg, who says he was… https://t.co/VkwsfeymQ2",Fri Mar 30 12:47:00 +0000 2018,-0.3849,0.102,0.691,0.208
225,CNN,A company donated $29 million in cryptocurrency to cover every single teacher request on a crowdfunding site… https://t.co/tzwcncFirF,Fri Mar 30 12:33:34 +0000 2018,0.0,0.0,1.0,0.0
226,CNN,"RT @NewDay: Alisyn Camerota: What kind of dumbass colleges don't want you?

Parkland survivor and gun control activist David Hogg: They rej…",Fri Mar 30 12:25:04 +0000 2018,-0.6143,0.089,0.643,0.268
227,CNN,Russia's RT television network will go dark in Washington DC https://t.co/OyOaU1HHx2 https://t.co/UL5etAuOmE,Fri Mar 30 12:21:39 +0000 2018,0.0,0.0,1.0,0.0
228,CNN,"Days after five members of the same family were killed when their SUV went over a cliff, investigators are still lo… https://t.co/HfUoN0Assu",Fri Mar 30 12:09:11 +0000 2018,-0.6705,0.0,0.816,0.184
229,CNN,"Austin's police chief now says he would labeled the bomber who killed two people and injured several others a ""dome… https://t.co/mdGrndhvr0",Fri Mar 30 11:56:16 +0000 2018,-0.802,0.0,0.714,0.286
230,CNN,"Johan van Hulst, a former Dutch senator and teacher who saved hundreds of Jewish children during the Holocaust, die… https://t.co/ofuqyZ2AU1",Fri Mar 30 11:43:51 +0000 2018,0.4215,0.135,0.865,0.0
231,CNN,"""We're knocking the hell out of ISIS. We'll be coming out of Syria like very soon. Let the other people take care o… https://t.co/0GwN6D2VAj",Fri Mar 30 11:31:45 +0000 2018,0.0258,0.182,0.671,0.147
232,CNN,Do you dream of escaping to the country and running your own bookstore? There's an Airbnb for that… https://t.co/wTpI0ceCRz,Fri Mar 30 11:22:42 +0000 2018,0.296,0.158,0.842,0.0
233,CNN,"If you want to stop Putin, follow the money, say CNN security analysts https://t.co/sF8HghDAkm",Fri Mar 30 11:16:35 +0000 2018,0.128,0.219,0.651,0.13
234,CNN,"She chronicled her life on Instagram: her dreams, a breakup, her recovery. But it was all fake.… https://t.co/LFaO9osD6S",Fri Mar 30 11:10:08 +0000 2018,0.4019,0.144,0.856,0.0
235,CNN,The best travel photos of 2018 (so far) https://t.co/ulIqOBeMUo https://t.co/b22ZRcPTX8,Fri Mar 30 11:03:43 +0000 2018,0.6369,0.318,0.682,0.0
236,CNN,Bitcoin's price has slumped roughly 50% since the start of the year https://t.co/pijJ60Es4d https://t.co/4ylxLFEYel,Fri Mar 30 10:57:24 +0000 2018,0.0,0.0,1.0,0.0
237,CNN,This Chinese space lab could plummet back to earth as early as Saturday https://t.co/Tfn0lGXXXp https://t.co/o7jyh0A1f1,Fri Mar 30 10:45:48 +0000 2018,0.0,0.0,1.0,0.0
238,CNN,Tourists will soon be limited to three hours at the Taj Mahal https://t.co/TBmpRPJ1Uh https://t.co/kgoXmxhq6x,Fri Mar 30 10:34:05 +0000 2018,-0.2263,0.0,0.872,0.128
239,CNN,"Would you pay more for your shopping to tackle plastic pollution?

People in the UK could soon have to pay a deposi… https://t.co/c2Gyju6jbK",Fri Mar 30 10:32:00 +0000 2018,-0.2023,0.0,0.877,0.123
240,BBC News (World),RT @BBCNewsAsia: The former Korean Air executive who was sacked and jailed for a 'nut rage' tantrum on board a plane has made a corporate c…,Fri Mar 30 05:49:39 +0000 2018,-0.8625,0.0,0.676,0.324
241,BBC News (World),"RT @BBCNewsAsia: Brace yourselves. 

China's defunct space lab, Tiangong-1, should fall to Earth over the weekend. https://t.co/D6zHr74mUA",Fri Mar 30 05:12:28 +0000 2018,0.0,0.0,1.0,0.0
242,BBC News (World),Korean Air 'nut rage' heiress makes management comeback https://t.co/nmrvz2wGnG,Fri Mar 30 04:51:40 +0000 2018,-0.5574,0.0,0.69,0.31
243,BBC News (World),RT @BBCNewsAsia: Just in case you missed this epic story of how a camera lost at sea for more than two years was discovered on a Taiwan bea…,Fri Mar 30 04:44:59 +0000 2018,-0.5423,0.0,0.842,0.158
244,BBC News (World),"RT @BBCNewsAsia: ⚡️ “Camera lost at sea for over two years found and returned to owner”

https://t.co/V9moYw1ehI",Fri Mar 30 04:42:27 +0000 2018,-0.3182,0.0,0.874,0.126
245,BBC News (World),Cathay Pacific ends skirts-only rule for female staff https://t.co/3PTcts8skV,Fri Mar 30 04:42:04 +0000 2018,0.0,0.0,1.0,0.0
246,BBC News (World),Shelling 'kills Palestinian' in Gaza https://t.co/waX7SlXTUt,Fri Mar 30 04:28:03 +0000 2018,-0.5423,0.0,0.588,0.412
247,BBC News (World),"RT @BBCBreaking: Israeli shelling reportedly kills a Palestinian in Gaza, where tension is high ahead of a protest along the border https:/…",Fri Mar 30 04:25:00 +0000 2018,-0.7783,0.0,0.685,0.315
248,BBC News (World),"RT @BBCNewsAsia: Even in no man's land, Rohingya children know how to play and have fun. https://t.co/CEHN7XNEHS",Fri Mar 30 03:27:13 +0000 2018,0.5423,0.26,0.639,0.1
249,BBC News (World),"RT @BBCNewsAsia: A strong magnitude 6.9 earthquake has struck off the cost of Papua New Guinea's New Britain island, the US Geological Surv…",Fri Mar 30 02:37:02 +0000 2018,0.3182,0.13,0.791,0.079
250,BBC News (World),El Salvador's shackled deportees become friends in adversity https://t.co/30m9g4A9mA,Fri Mar 30 02:24:13 +0000 2018,0.0772,0.24,0.543,0.217
251,BBC News (World),Africa's week in pictures: 23-29 March 2018 https://t.co/OaN91YnM2C,Fri Mar 30 02:21:14 +0000 2018,0.0,0.0,1.0,0.0
252,BBC News (World),Russian spy: How big is the Kremlin's diplomatic network? https://t.co/8Ys9Klw0KP,Fri Mar 30 02:13:57 +0000 2018,0.0,0.0,1.0,0.0
253,BBC News (World),Syria war: France offers to mediate between Turkey and Kurds https://t.co/PW3KxVlsaf,Fri Mar 30 01:58:17 +0000 2018,-0.5994,0.0,0.719,0.281
254,BBC News (World),Volkswagen's car 'graveyard' in California https://t.co/WPqjrzIAV3,Fri Mar 30 00:51:51 +0000 2018,0.0,0.0,1.0,0.0
255,BBC News (World),Myanmar's Rohingya stuck in Bangladesh's 'no man's land' https://t.co/2i5yVG0nxC,Fri Mar 30 00:36:26 +0000 2018,-0.4939,0.0,0.625,0.375
256,BBC News (World),"Obituary: Johan van Hulst, the teacher who saved Jewish children https://t.co/Rme8DazkLW",Fri Mar 30 00:16:45 +0000 2018,0.4215,0.219,0.781,0.0
257,BBC News (World),The teenager sentenced to 241 years in prison https://t.co/Hpr3KNH6AQ,Fri Mar 30 00:14:10 +0000 2018,-0.5267,0.0,0.614,0.386
258,BBC News (World),Colorado senator explains white privilege to colleagues https://t.co/9mL32lOf1d,Fri Mar 30 00:03:14 +0000 2018,0.3612,0.263,0.737,0.0
259,BBC News (World),Turning bread into beer to fight food waste https://t.co/4G2RZnHwF8,Thu Mar 29 23:19:50 +0000 2018,-0.6597,0.0,0.565,0.435
260,CBS News,Next week marks 50 years since the nation was gripped by the death of Martin Luther King Jr. His death was met by a… https://t.co/uXC8t3p0PQ,Fri Mar 30 13:38:55 +0000 2018,-0.8316,0.0,0.747,0.253
261,CBS News,"Scott Foster, a 36-year-old accountant-turned-emergency Chicago Blackhawks goalie, stars in his NHL debut:… https://t.co/l5ftf0i9UB",Fri Mar 30 13:30:01 +0000 2018,0.0,0.0,1.0,0.0
262,CBS News,Federal grand jury charges Texas pastor and Louisiana financial planner with bilking investors out of more than $1… https://t.co/pZ89kgSNSz,Fri Mar 30 13:15:03 +0000 2018,0.2263,0.136,0.769,0.095
263,CBS News,Schools in several of Kentucky's largest counties were forced to close Friday when teachers angered by the passage… https://t.co/IemRxEG6oE,Fri Mar 30 13:00:02 +0000 2018,-0.743,0.0,0.73,0.27
264,CBS News,"Russia goes beyond tit-for-tat in diplomatic duel with U.S., ordering 60 U.S. diplomats out of the country and clos… https://t.co/kuMzGf0NOj",Fri Mar 30 12:40:01 +0000 2018,0.0,0.0,1.0,0.0
265,CBS News,Sunday Times royal correspondent Roya Nikkhah joins @CBSThisMorning from London to discuss: https://t.co/CEtJkHhQsk,Fri Mar 30 12:38:57 +0000 2018,0.0,0.0,1.0,0.0
266,CBS News,"The royal wedding is 50 days away, and we're starting to learn who Prince Harry and Meghan Markle are including in… https://t.co/jdqKkyVVBY",Fri Mar 30 12:34:22 +0000 2018,0.0,0.0,1.0,0.0
267,CBS News,RT @CBSThisMorning: .@CBSSports says the @Marlins and @Cubs honored victims of the Stoneman Douglas High School shooting during yesterday's…,Fri Mar 30 12:25:30 +0000 2018,0.3612,0.165,0.736,0.1
268,CBS News,President Trump is expected to sign an online sex trafficking bill in the coming days. It would penalize websites t… https://t.co/codkgFFTCP,Fri Mar 30 12:21:33 +0000 2018,0.0,0.0,1.0,0.0
269,CBS News,Wisconsin health officials are reviewing Milwaukee's lead prevention program after several reports highlighted defi… https://t.co/oswrIPFjY5,Fri Mar 30 12:20:01 +0000 2018,0.0,0.0,1.0,0.0
270,CBS News,Dating app technology puts the power to meet people in the palm of your hand. The same idea is helping pair dogs in… https://t.co/qTBozQxWlO,Fri Mar 30 12:12:46 +0000 2018,0.6597,0.197,0.803,0.0
271,CBS News,Nearly a half-million students in Oklahoma could miss school Monday because of a threatened teacher's strike. Teach… https://t.co/xpGQGTYO7I,Fri Mar 30 12:07:08 +0000 2018,-0.6249,0.0,0.681,0.319
272,CBS News,"Federal prosecutors say they captured a sex cult leader who allegedly recruited Hollywood stars and enslaved women,… https://t.co/v4FLyTXHYf",Fri Mar 30 12:00:02 +0000 2018,-0.4019,0.0,0.856,0.144
273,CBS News,"RT @CBSThisMorning: ➡️ EPA plans to ease Obama-era fuel standards

➡️ @UnderArmour is investigating a massive cyber breach that affects abo…",Fri Mar 30 11:47:16 +0000 2018,0.3612,0.116,0.884,0.0
274,CBS News,Parents in Milwaukee say city leaders aren't doing enough to protect their kids from lead. More than 11% of Milwauk… https://t.co/bDbk0DObvm,Fri Mar 30 11:43:57 +0000 2018,0.3818,0.115,0.885,0.0
275,CBS News,"Stephon Clark's family to file federal lawsuit over police shooting death, lawyers say https://t.co/Su1UoszQI8 https://t.co/bswbke909L",Fri Mar 30 11:40:01 +0000 2018,-0.7003,0.0,0.691,0.309
276,CBS News,"The man at the center of the popular podcast, ""Serial,"" will get a new murder trial. A jury convicted Adnan Syed in… https://t.co/EOxVcEx8iT",Fri Mar 30 11:35:37 +0000 2018,-0.4404,0.106,0.717,0.177
277,CBS News,A judge ruled coffee shops must serve coffee with a cancer warning in California. Chains like Starbucks and Whole F… https://t.co/tqER2XZ7RE,Fri Mar 30 11:20:37 +0000 2018,-0.6486,0.099,0.632,0.269
278,CBS News,It's a tough time for the world's largest social network. Here's a breakdown of the biggest challenges Facebook is… https://t.co/rOm1pG6b9U,Fri Mar 30 11:20:01 +0000 2018,-0.0516,0.069,0.851,0.08
279,CBS News,Lawyers for the family of Stephon Clark tell CBS News they plan to file a federal lawsuit as soon as Friday over hi… https://t.co/0oXb8Ieok7,Fri Mar 30 11:17:53 +0000 2018,-0.2263,0.0,0.921,0.079
280,The New York Times,RT @PatriciaMazzei: BREAKING: Jury in Salman trial has reached a verdict. It will be announced in court in about 30 minutes.,Fri Mar 30 13:48:47 +0000 2018,0.25,0.143,0.857,0.0
281,The New York Times,"RT @nytimesworld: “We’ll probably hold that deal up for a little while, see how it all plays out.”—President Trump on his recently announce…",Fri Mar 30 13:48:03 +0000 2018,0.25,0.087,0.913,0.0
282,The New York Times,RT @nhannahjones: I went on The Daily with @mikiebarb today to discuss Linda Brown and the continuing fight to fulfill the promise of landm…,Fri Mar 30 13:41:53 +0000 2018,0.3818,0.187,0.719,0.094
283,The New York Times,"“I want to die over there, not here,” said Enrique, lying on the hotel bed, a scar from one of his many surgeries v… https://t.co/KNpdOHhDJW",Fri Mar 30 13:38:05 +0000 2018,-0.7906,0.044,0.709,0.247
284,The New York Times,RT @nytimesworld: Couples in Denmark can obtain a divorce in less than a week. The government is trying to make breaking up a little a hard…,Fri Mar 30 13:28:00 +0000 2018,0.0,0.0,1.0,0.0
285,The New York Times,The tech industry was once one of President Trump's most vocal opponents.  Now it has increasingly found common gro… https://t.co/TAjx9fZATB,Fri Mar 30 13:18:05 +0000 2018,0.0,0.0,1.0,0.0
286,The New York Times,"Thousands of asylum seekers remain stranded on the Greek island of Lesbos, unwilling to go back to the countries th… https://t.co/LrxHQuWlTN",Fri Mar 30 13:08:02 +0000 2018,0.0,0.0,1.0,0.0
287,The New York Times,"RT @peterbakernyt: Trump's attacks on Amazon are often set off by his anger at stories in the @washingtonpost, also owned by Bezos, associa…",Fri Mar 30 13:05:35 +0000 2018,-0.7096,0.06,0.707,0.233
288,The New York Times,Morning Briefing: Here's what you need to know to start your day https://t.co/aNoHwClgkV,Fri Mar 30 12:58:01 +0000 2018,0.0,0.0,1.0,0.0
289,The New York Times,"The ""Mean Girls"" musical comes 14 years after the movie. And Gretchen is still trying to make ""fetch"" happen. https://t.co/GEfZu6meAR",Fri Mar 30 12:48:01 +0000 2018,0.0,0.0,1.0,0.0
290,The New York Times,"RT @motokorich: No “Gangnam Style” for North Korea, but plenty of Kpop will be playing In Pyongyang. (In which I get the fun reporting assi…",Fri Mar 30 12:38:06 +0000 2018,0.7227,0.227,0.718,0.055
291,The New York Times,"The death of Anthony Weber, a 16-year-old killed in a police shooting, is a sign to many in Los Angeles of how much… https://t.co/KPSosHPLdb",Fri Mar 30 12:28:04 +0000 2018,-0.8555,0.0,0.693,0.307
292,The New York Times,At least 5 Palestinians were reported killed in clashes with Israeli soldiers in Gaza https://t.co/Ug9FXsdXRW,Fri Mar 30 12:19:12 +0000 2018,-0.6705,0.0,0.743,0.257
293,The New York Times,"Linda Brown, who was at the center of Brown v. Board of Education , died on Sunday. Who was she, and what has chang… https://t.co/ePfthSQoxp",Fri Mar 30 12:08:02 +0000 2018,-0.5574,0.0,0.865,0.135
294,The New York Times,"Laura Ingraham, a Fox News host, apologized for taunting a Parkland shooting survivor after losing advertisers https://t.co/HwwUsjEkMI",Fri Mar 30 12:00:27 +0000 2018,0.296,0.247,0.619,0.134
295,The New York Times,"In Opinion,

@rgay writes: ""No amount of mental gymnastics can make what Roseanne Barr has said and done in recent… https://t.co/E5pGePnQ9B",Fri Mar 30 11:46:01 +0000 2018,-0.296,0.0,0.901,0.099
296,The New York Times,The story of one White House dinner shows how the National Enquirer's publisher has used President Trump's friendsh… https://t.co/pg0FPgDFLk,Fri Mar 30 11:31:05 +0000 2018,0.0,0.0,1.0,0.0
297,The New York Times,Clashes on Gaza’s Border With Israel as Protests Start https://t.co/cVE2wFRWvk,Fri Mar 30 11:26:27 +0000 2018,-0.2263,0.0,0.826,0.174
298,The New York Times,Hope Hicks has left the building. Those left behind are wondering what happens now. https://t.co/LOiA3Ckq6n,Fri Mar 30 11:16:00 +0000 2018,0.4404,0.172,0.828,0.0
299,The New York Times,Opinion: When the Dream of Economic Justice Died https://t.co/KWw81L0MVi,Fri Mar 30 10:48:43 +0000 2018,0.2023,0.36,0.4,0.24
300,Fox News,Woman gets 5 years for illegally voting in 2016 presidential election https://t.co/96eyVkd2Wf,Fri Mar 30 13:19:19 +0000 2018,0.0,0.0,1.0,0.0
301,Fox News,NEWS ALERT: Suspect in deadly cop shooting killed in Tennessee; @MikeTobinFox reports. https://t.co/nEwA3H4ErW,Fri Mar 30 13:14:49 +0000 2018,-0.5813,0.149,0.509,0.341
302,Fox News,Dead? No problem - your check is in the mail https://t.co/emTDSB35tC,Fri Mar 30 13:13:06 +0000 2018,-0.8481,0.0,0.432,0.568
303,Fox News,Russia tests 'Satan' ballistic missile; @BenjaminHallFNC reports. https://t.co/tKerLX1aVy,Fri Mar 30 13:03:52 +0000 2018,0.0,0.0,1.0,0.0
304,Fox News,".@cvpayne: ""This week we saw the first Chinese solar company say, 'We're going to open up a plant in America.' How… https://t.co/5njkb3ttzW",Fri Mar 30 12:58:00 +0000 2018,0.0,0.0,1.0,0.0
305,Fox News,Canada's love for @JustinTrudeau may be over. https://t.co/zBQDIDXSyq,Fri Mar 30 12:54:00 +0000 2018,0.6369,0.375,0.625,0.0
306,Fox News,".@DiamondandSilk: ""We marched to the polls and we put on our thinking caps and we voted for @POTUS because we wante… https://t.co/ez4ixVZ6hD",Fri Mar 30 12:45:00 +0000 2018,0.0,0.0,1.0,0.0
307,Fox News,".@newtgingrich: ""We have tolerated @SenSchumer behaving as though he's the Majority Leader for well over a year. Th… https://t.co/UkRnsH6Cjf",Fri Mar 30 12:40:43 +0000 2018,0.2732,0.11,0.89,0.0
308,Fox News,".@newtgingrich: ""Once in a while, Hollywood will make a movie that appeals to middle America that'll do amazingly w… https://t.co/c53nFSpImI",Fri Mar 30 12:39:26 +0000 2018,0.0,0.0,1.0,0.0
309,Fox News,NEWS ALERT: Russia tests 'Satan' ballistic missile. https://t.co/00opb7Dllg,Fri Mar 30 12:38:00 +0000 2018,0.4466,0.295,0.705,0.0
310,Fox News,.@DNC exec: Repeal 2nd Amendment. https://t.co/rcUn9fKwBR,Fri Mar 30 12:33:58 +0000 2018,0.0,0.0,1.0,0.0
311,Fox News,"Sheriff A.J. Louderback: ""We're a nation of laws, and Texas sheriffs and sheriffs across this country are here to s… https://t.co/fmy2WybZwq",Fri Mar 30 12:28:29 +0000 2018,0.0,0.0,1.0,0.0
312,Fox News,.@HillaryClinton: No one tells a man to go away. https://t.co/VGn9BcoKnF https://t.co/lkJawRW2nb,Fri Mar 30 12:27:00 +0000 2018,-0.296,0.0,0.804,0.196
313,Fox News,".@DiamondandSilk: ""We marched to the polls and we put on our thinking caps and we voted for @POTUS because we wante… https://t.co/3NkNFRI7Nt",Fri Mar 30 12:26:08 +0000 2018,0.0,0.0,1.0,0.0
314,Fox News,".@SebGorka: ""This is just common sense finally returning to government."" https://t.co/ZSMnP2dcOo",Fri Mar 30 12:18:36 +0000 2018,0.0,0.0,1.0,0.0
315,Fox News,".@DiamondandSilk: ""[@HillaryClinton] needs to talk about her dirty deeds - how she paid for that fake dossier to tr… https://t.co/2tCiECKZeI",Fri Mar 30 12:15:00 +0000 2018,-0.7184,0.0,0.739,0.261
316,Fox News,"Army mulls tougher basic training for out-of-shape, undisciplined recruits https://t.co/HiyEPEg9CL",Fri Mar 30 12:07:44 +0000 2018,0.1779,0.159,0.841,0.0
317,Fox News,".@cvpayne: ""We're in an economy that's resurgent and it's an economy that hearkens back to sort of the old American… https://t.co/Z1cbHpCoHF",Fri Mar 30 12:00:26 +0000 2018,0.0,0.0,1.0,0.0
318,Fox News,".@KellyannePolls: ""It's an excellent question why infrastructure can't be done more easily. You would think it's th… https://t.co/gtFNR3CARe",Fri Mar 30 11:55:24 +0000 2018,0.7501,0.285,0.715,0.0
319,Fox News,"Fore Putnam to President @realDonaldTrump: ""Please get my dad a kidney."" https://t.co/uXHvJKNV9J",Fri Mar 30 11:49:23 +0000 2018,0.3182,0.187,0.813,0.0
320,CNN,Dining out frequently is known to increase one's intake of unhealthy sugars and fats. But a new study suggests that… https://t.co/JyuecCrFsI,Fri Mar 30 10:22:33 +0000 2018,-0.2732,0.097,0.759,0.143
321,CNN,"Here are some of iOS 11.3's features you should know about:
- You can turn off the controversial iPhone-slowing fea… https://t.co/mAqzVGNDoS",Fri Mar 30 10:13:46 +0000 2018,-0.2023,0.0,0.913,0.087
322,CNN,"If you stand in it for long enough, you start to hear your heartbeat. Then you lose your balance, because the absol… https://t.co/XWTyOK5bbq",Fri Mar 30 10:01:53 +0000 2018,-0.4019,0.0,0.891,0.109
323,CNN,A longtime public defender said he's never seen a defendant get so many letters https://t.co/WzH2qXFSUH,Fri Mar 30 09:50:35 +0000 2018,0.1027,0.104,0.896,0.0
324,CNN,"There are visible, external signs that can indicate if something is wrong with your heart -- check your fingers, ea… https://t.co/a40x3puz8L",Fri Mar 30 09:39:25 +0000 2018,-0.4767,0.0,0.866,0.134
325,CNN,Human rights lawyer Amal Clooney will represent two Reuters journalists who have been jailed in Myanmar and accused… https://t.co/zSi0goEyKl,Fri Mar 30 09:28:15 +0000 2018,-0.4939,0.0,0.849,0.151
326,CNN,The Trump administration will require immigrants to submit five years of social media history https://t.co/i8HJgnvpIF,Fri Mar 30 09:16:44 +0000 2018,0.0,0.0,1.0,0.0
327,CNN,K-pop girl band Red Velvet are among the South Korean stars travelling to North Korea this weekend as they get read… https://t.co/dDzBm2lCDd,Fri Mar 30 08:40:18 +0000 2018,0.0,0.0,1.0,0.0
328,CNN,"A Chinese space lab could plummet back to earth as early as Saturday, authorities say, in a fiery end to one of the… https://t.co/O1PI1M4roe",Fri Mar 30 08:21:59 +0000 2018,-0.34,0.0,0.897,0.103
329,CNN,"""I heard you're actually the devil incarnate and I wanted to meet you,"" Defense Secretary James Mattis joked during… https://t.co/Tk9IcQi2ei",Fri Mar 30 08:04:08 +0000 2018,-0.3818,0.157,0.661,0.182
330,CNN,"This Easter, don't let politics define forgiveness | By Bob Vander Plaats via @CNNOpinion https://t.co/iDUc7yxvdK https://t.co/WLbwHzH2BS",Fri Mar 30 07:44:57 +0000 2018,0.2732,0.13,0.87,0.0
331,CNN,"Former French President Nicolas Sarkozy will face a trial on charges of corruption and influence peddling, a source… https://t.co/l3mfwOMuLP",Fri Mar 30 07:34:06 +0000 2018,-0.2732,0.0,0.884,0.116
332,CNN,Spotify is about to go public — and one analyst thinks it could be worth $43.5 billion https://t.co/ABUdIBQics https://t.co/UuMrHQrp61,Fri Mar 30 07:19:05 +0000 2018,0.2263,0.101,0.899,0.0
333,CNN,"Hillary Clinton hasn't hit the campaign trail yet on behalf of Democrats running in 2018, but that isn't stopping R… https://t.co/RBGnalvhZU",Fri Mar 30 07:11:36 +0000 2018,0.1695,0.077,0.923,0.0
334,CNN,"An off-duty police officer died on Thursday in southwestern Kentucky after a man impersonating an officer shot him,… https://t.co/9n2qeQi6Ms",Fri Mar 30 07:05:53 +0000 2018,-0.5574,0.0,0.825,0.175
335,CNN,The crumbling colonial-era churches of Pakistan https://t.co/hKlARundSu via @CNNStyle https://t.co/eUQK2f6QIM,Fri Mar 30 06:57:07 +0000 2018,0.0,0.0,1.0,0.0
336,CNN,"Family's SUV goes over a cliff, leaving authorities seeking 3 children and clues to what happened… https://t.co/bBxOVEdCgf",Fri Mar 30 06:49:13 +0000 2018,0.0,0.0,1.0,0.0
337,CNN,"A Chinese space lab could plummet back to earth as early as Saturday, authorities say, in a fiery end to one of the… https://t.co/H4L5vPk1E8",Fri Mar 30 06:33:08 +0000 2018,-0.34,0.0,0.897,0.103
338,CNN,You've heard of SpaceX landing and reusing rockets. But safely recapturing the $6 million nose cone that sits at th… https://t.co/CHfIj7PRRb,Fri Mar 30 06:28:32 +0000 2018,0.4939,0.138,0.862,0.0
339,CNN,"Japan revealed it was seeking a summit with North Korean leader Kim Jong Un, as some in Tokyo expressed concern the… https://t.co/oSIVX046l3",Fri Mar 30 06:16:04 +0000 2018,0.0,0.0,1.0,0.0
340,BBC News (World),Alligator 'gender reveal party' causes controversy https://t.co/J9kwaxTEOK,Thu Mar 29 23:14:54 +0000 2018,0.4019,0.31,0.69,0.0
341,BBC News (World),Lagos street dancers go viral after Rihanna retweet https://t.co/aHBRNRbpcg,Thu Mar 29 23:12:30 +0000 2018,0.0,0.0,1.0,0.0
342,BBC News (World),Industry ferment: US wine industry crushed over tariffs https://t.co/QtTsyGqNMl,Thu Mar 29 23:12:30 +0000 2018,-0.4215,0.0,0.741,0.259
343,BBC News (World),Papua New Guinea earthquake: Strong shallow tremor off New Britain island https://t.co/tscosDL1ES,Thu Mar 29 22:52:55 +0000 2018,0.5106,0.231,0.769,0.0
344,BBC News (World),Mattis to Bolton: I hear you're the devil incarnate https://t.co/737dq2WcQH,Thu Mar 29 22:28:37 +0000 2018,-0.6597,0.0,0.645,0.355
345,BBC News (World),Stormy Daniels loses bid for early Trump testimony on her sex claims https://t.co/6v6irGxYrC,Thu Mar 29 21:15:29 +0000 2018,-0.3182,0.0,0.839,0.161
346,BBC News (World),"RT @bbcweather: For those of you travelling further afield this #Easter, here's a quick look at the weather around the world: https://t.co/…",Thu Mar 29 20:25:09 +0000 2018,0.0,0.0,1.0,0.0
347,BBC News (World),Pope Francis gives ride to boy with Down's syndrome https://t.co/hlvzAGnnve,Thu Mar 29 17:27:27 +0000 2018,0.0,0.0,1.0,0.0
348,BBC News (World),Russia expels US diplomats in tit for tat https://t.co/ZKMl3MEddK,Thu Mar 29 17:23:17 +0000 2018,-0.3818,0.0,0.755,0.245
349,BBC News (World),RT @BBCBreaking: Russia expels 60 US diplomats and closes St Petersburg consulate in response to American action over spy poisoning https:/…,Thu Mar 29 17:15:53 +0000 2018,-0.7506,0.0,0.748,0.252
350,BBC News (World),Gunmen 'abduct mayor of Tripoli Abdelraouf Beitelmal' https://t.co/6B8jXtf4mC,Thu Mar 29 17:00:27 +0000 2018,0.0,0.0,1.0,0.0
351,BBC News (World),Australia coach quits over cheating scandal https://t.co/APT3d1JVtX,Thu Mar 29 16:17:23 +0000 2018,-0.7579,0.0,0.435,0.565
352,BBC News (World),Uganda newspaper's 'wine for abuse stories' contest angers readers https://t.co/CMLNvGjbeQ,Thu Mar 29 15:59:30 +0000 2018,-0.8176,0.0,0.516,0.484
353,BBC News (World),China singer denied bank account because he’s blind https://t.co/lVVelEOCVk,Thu Mar 29 15:59:30 +0000 2018,-0.6808,0.0,0.556,0.444
354,BBC News (World),Trèbes attack: Vegan activist in court over butcher post https://t.co/Hes8CiFL1N,Thu Mar 29 15:59:30 +0000 2018,-0.4767,0.0,0.744,0.256
355,BBC News (World),Russian spy: Yulia Skripal 'improving rapidly' https://t.co/Feql7s95Zj,Thu Mar 29 14:47:45 +0000 2018,0.4215,0.318,0.682,0.0
356,BBC News (World),"RT @BBCSport: PAOK Salonika's president Ivan Savvidis has been banned for three years for coming onto the pitch with a gun.

More: https://…",Thu Mar 29 14:47:09 +0000 2018,-0.6597,0.0,0.787,0.213
357,BBC News (World),Sarkozy 'to face corruption trial' https://t.co/QV5HTYmsWU,Thu Mar 29 14:40:01 +0000 2018,0.0,0.0,1.0,0.0
358,BBC News (World),Trump calls to congratulate TV's Roseanne https://t.co/ipNJ1KMrgk,Thu Mar 29 14:40:01 +0000 2018,0.4939,0.348,0.652,0.0
359,BBC News (World),"Australian ball-tampering: Steve Smith, David Warner and Cameron Bancroft apologise https://t.co/AcGybzckwZ",Thu Mar 29 14:19:11 +0000 2018,0.3818,0.206,0.794,0.0
360,CBS News,A federal judge says adult film star Stormy Daniels' lawyer cannot depose President Trump about his client's non-di… https://t.co/5mz3QFhZsJ,Fri Mar 30 11:16:41 +0000 2018,0.0,0.0,1.0,0.0
361,CBS News,Senior foreign affairs correspondent and @FaceTheNation moderator @margbrennan joins @CBSThisMorning from Washingto… https://t.co/Fm50o9aJrq,Fri Mar 30 11:12:50 +0000 2018,0.0,0.0,1.0,0.0
362,CBS News,The American ambassador to Russia is protesting Moscow's one-for-one response in the diplomatic fight over the pois… https://t.co/as9QKzxlhQ,Fri Mar 30 11:10:53 +0000 2018,-0.6597,0.0,0.748,0.252
363,CBS News,"Just hours before the bombing, President Trump said the U.S. will end its military presence in Syria “very soon.The… https://t.co/0WcMhZdaRQ",Fri Mar 30 11:08:08 +0000 2018,0.0,0.0,1.0,0.0
364,CBS News,"The U.S. military says 2 coalition members were killed by a roadside bomb Thursday night, and 5 others were wounded… https://t.co/70PP2IuhXA",Fri Mar 30 11:05:46 +0000 2018,-0.8271,0.0,0.675,0.325
365,CBS News,"President Trump is leading the U.S. into re-negotiating trade deals, and Rep. Marcy Kaptur says he's on the right t… https://t.co/1DhNUE8zl3",Fri Mar 30 11:00:01 +0000 2018,0.0,0.0,1.0,0.0
366,CBS News,RT @CBSThisMorning: Here's a preview of what's next on @CBSThisMorning. https://t.co/rszGW2Cd5s,Fri Mar 30 10:52:17 +0000 2018,0.0,0.0,1.0,0.0
367,CBS News,"Many swipe right to look for love, so why not puppy love? Ahead on @CBSThisMorning, learn about the app that's matc… https://t.co/eotB9Gbn1w",Fri Mar 30 10:45:00 +0000 2018,0.8555,0.296,0.704,0.0
368,CBS News,The U.S. military says two coalition personnel have been killed and five were wounded by a roadside bombing in Syri… https://t.co/GaoZPGOlPG,Fri Mar 30 10:35:01 +0000 2018,-0.6705,0.0,0.809,0.191
369,CBS News,Trump administration ends automatic release of most pregnant women charged with being in the U.S. illegally while t… https://t.co/yFRlcEdzFm,Fri Mar 30 10:20:01 +0000 2018,-0.2648,0.0,0.897,0.103
370,CBS News,Prison junk food prices probed after capos' complaints https://t.co/szDsudkOw7 https://t.co/4MKgwwmiQX,Fri Mar 30 10:03:04 +0000 2018,-0.7184,0.0,0.571,0.429
371,CBS News,Parkland shooter's brother gets probation for trespassing at Marjory Stoneman Douglas https://t.co/0vxUo8FNhl https://t.co/wAZdMXsMLJ,Fri Mar 30 09:48:03 +0000 2018,0.0,0.0,1.0,0.0
372,CBS News,"New Orleans mayor knocks Trump, says election ""emboldened"" racists https://t.co/swIIBt1I2Z https://t.co/WHP8HWTf0a",Fri Mar 30 09:33:03 +0000 2018,-0.5423,0.0,0.741,0.259
373,CBS News,Judge rejects Saudi Arabia's attempt to toss 9/11 lawsuits https://t.co/LBuboN2MMu https://t.co/Efx0P2oxBk,Fri Mar 30 09:18:03 +0000 2018,-0.5859,0.0,0.652,0.348
374,CBS News,U.S. stocks rally to close out wild week https://t.co/E3eAutwK6N https://t.co/bO8na3LXrc,Fri Mar 30 09:03:04 +0000 2018,0.0,0.0,1.0,0.0
375,CBS News,"New Jersey judge asked woman if she crossed legs to stop sex assault, complaint alleges https://t.co/EWJyx4OqXm https://t.co/GEk1fJX27j",Fri Mar 30 08:48:03 +0000 2018,-0.802,0.0,0.631,0.369
376,CBS News,Palestinians say farmer killed as Israeli tank fires on Gaza https://t.co/wG9JfEdpMn https://t.co/4QeKTXQGaW,Fri Mar 30 08:44:04 +0000 2018,-0.6705,0.0,0.71,0.29
377,CBS News,"Jeb Bush says President Trump is ""Republican in basically name only"" https://t.co/bVwl342mED https://t.co/9Qm1viVQvs",Fri Mar 30 08:33:04 +0000 2018,0.0,0.0,1.0,0.0
378,CBS News,Neighbors say they reported parents before deadly plunge off California cliff https://t.co/0jvCkjzcU1 https://t.co/W0RnYIPxj7,Fri Mar 30 08:18:03 +0000 2018,0.0,0.0,1.0,0.0
379,CBS News,"DMX sentenced to a year in prison for tax fraud, plays song in court https://t.co/DrQPzApwEf https://t.co/lZtWLGFfpL",Fri Mar 30 08:03:04 +0000 2018,-0.7351,0.094,0.519,0.387
380,The New York Times,The U.N. secretary general called climate change “the most systemic threat to humankind” https://t.co/bc0Bo7Ztww,Fri Mar 30 10:46:08 +0000 2018,-0.5688,0.0,0.779,0.221
381,The New York Times,"Gym.
Tan.
Laundry.
Check on the kids. 
https://t.co/7Yx2f0vUGd",Fri Mar 30 10:31:41 +0000 2018,0.0,0.0,1.0,0.0
382,The New York Times,By the Book: Ernest Cline: By the Book https://t.co/i5c0lu38kG,Fri Mar 30 10:15:26 +0000 2018,0.0,0.0,1.0,0.0
383,The New York Times,"Fact Check: The Facts Behind Trump’s Tweet on Amazon, Taxes and the Postal Service https://t.co/eDFR9JldgC",Fri Mar 30 10:06:08 +0000 2018,0.1779,0.108,0.892,0.0
384,The New York Times,How to Avoid a Renovation Nightmare https://t.co/5q8Y0OBJWh,Fri Mar 30 10:03:48 +0000 2018,-0.296,0.0,0.694,0.306
385,The New York Times,"In 2014, one of the Hart family's six adopted children drew widespread attention when he was photographed hugging a… https://t.co/QPSk6dactX",Fri Mar 30 09:53:55 +0000 2018,0.4215,0.128,0.872,0.0
386,The New York Times,"Here’s how @bxchen scrubbed his Twitter and Facebook timelines — and what 
he learned https://t.co/hlSw7hAcaO",Fri Mar 30 09:37:09 +0000 2018,0.0,0.0,1.0,0.0
387,The New York Times,"To Raise Resilient Kids, Be a Resilient Parent https://t.co/1NmwYvZWhN",Fri Mar 30 09:20:43 +0000 2018,0.0,0.0,1.0,0.0
388,The New York Times,The dilemma confronts government officials frequently. Digital extortionists have hijacked their computer systems a… https://t.co/IC8xB5WX2w,Fri Mar 30 09:20:23 +0000 2018,-0.3818,0.0,0.783,0.217
389,The New York Times,There remains a strong correlation between marriage and economic class in the American higher education system https://t.co/0uV50eIdmI,Fri Mar 30 09:03:00 +0000 2018,0.5106,0.18,0.82,0.0
390,The New York Times,There remains a strong correlation between marriage and economic class in the American higher education system https://t.co/uTEZvVuNCT,Fri Mar 30 08:46:11 +0000 2018,0.5106,0.18,0.82,0.0
391,The New York Times,The NBA is far more willing to address social issues than other leagues. But the Sacramento Kings' partnership with… https://t.co/QWR6Rd2vVa,Fri Mar 30 08:29:33 +0000 2018,0.0,0.0,1.0,0.0
392,The New York Times,"RT @nickconfessore: David Pecker, Jared Kushner, and an advisor to the Saudi crown prince walk into the Oval. You can’t make it up—but you…",Fri Mar 30 08:13:07 +0000 2018,0.0,0.0,1.0,0.0
393,The New York Times,Anbang was seized by the Chinese government. It's still offering deals to investors with promises of safety. https://t.co/1TD9RzC7Ep,Fri Mar 30 07:55:04 +0000 2018,0.6597,0.252,0.748,0.0
394,The New York Times,Bus Fire in Thailand Kills 20 Migrant Workers From Myanmar https://t.co/w3C1SG2hPs,Fri Mar 30 07:48:46 +0000 2018,-0.7096,0.0,0.604,0.396
395,The New York Times,"The graves used to say ""Argentine soldier known only to God."" Now they have names. https://t.co/7g98Z0zs12",Fri Mar 30 07:25:05 +0000 2018,-0.296,0.0,0.872,0.128
396,The New York Times,Some species of frogs that vanished may be on the rebound https://t.co/kGYyur9NJm,Fri Mar 30 07:09:01 +0000 2018,0.0,0.0,1.0,0.0
397,The New York Times,Tech Fix: Want to Purge Your Social Media Timelines? Can You Spare a Few Hours? https://t.co/o0ECSnicLi,Fri Mar 30 06:51:16 +0000 2018,0.168,0.106,0.894,0.0
398,The New York Times,"""How can I get over my sense of betrayal, my rage and my desire to punish this man for the disrespectful way he tre… https://t.co/DdgVwkN3JI",Fri Mar 30 06:39:35 +0000 2018,-0.8442,0.081,0.597,0.322
399,The New York Times,"""How can I get over my sense of betrayal, my rage and my desire to punish this man for the disrespectful way he tre… https://t.co/PSZnKqivOo",Fri Mar 30 06:21:09 +0000 2018,-0.8442,0.081,0.597,0.322
400,Fox News,".@KellyannePolls: ""@HillaryClinton is still talking about her and an election that happened a year and a half ago."" https://t.co/R0sTSaFeIl",Fri Mar 30 11:46:18 +0000 2018,0.0,0.0,1.0,0.0
401,Fox News,".@HillaryClinton calls 2016 election 'traumatic,' admits she'd like to 'take back' some things she said… https://t.co/D0CLej1xCf",Fri Mar 30 11:43:32 +0000 2018,0.5719,0.251,0.749,0.0
402,Fox News,"President @realDonaldTrump to Fore Putnam: ""I have shared my letter with my staff and they are working to see what… https://t.co/l2qKLzJWgj",Fri Mar 30 11:28:59 +0000 2018,0.34,0.107,0.893,0.0
403,Fox News,.@Kathy4Truth on district’s idea of school on Memorial Day: “I believe that it is no different than taking a knee d… https://t.co/6NaMdQEJN5,Fri Mar 30 11:16:58 +0000 2018,-0.296,0.0,0.901,0.099
404,Fox News,School on Memorial Day? Veterans Object to CT School District's Idea to Replace Snow Days https://t.co/8mgHKquV2H https://t.co/5iUyNbTaA6,Fri Mar 30 11:08:42 +0000 2018,0.0,0.0,1.0,0.0
405,Fox News,".@USArmy mulls tougher basic training for out-of-shape, undisciplined recruits (via @AndrewOReilly84) https://t.co/EiU6lw9UG0",Fri Mar 30 11:05:00 +0000 2018,0.1779,0.134,0.866,0.0
406,Fox News,"Opinion: On Passover, we can’t forget Mireille Knoll, newly murdered Holocaust survivor, victim of anti-Semitism (v… https://t.co/1hSQuzjcjP",Fri Mar 30 11:00:03 +0000 2018,-0.7096,0.105,0.544,0.351
407,Fox News,.@robertjeffress reflects on Good Friday https://t.co/buIEwvLW29,Fri Mar 30 10:50:00 +0000 2018,0.4404,0.367,0.633,0.0
408,Fox News,Thomas Hodgson on border security: “I think the president's doing exactly what should be done.” @FoxFriendsFirst https://t.co/cuuv9AlGe8,Fri Mar 30 10:44:51 +0000 2018,0.34,0.13,0.87,0.0
409,Fox News,"Russia to expel 60 US diplomats, close US consulate in St. Petersburg https://t.co/R0My7adtEK @LaurenBlanch12… https://t.co/c4VyAViYT4",Fri Mar 30 10:36:42 +0000 2018,-0.4404,0.0,0.828,0.172
410,Fox News,Camera to return to owner years after being dropped in ocean https://t.co/iomdeWasfi,Fri Mar 30 10:25:00 +0000 2018,0.0,0.0,1.0,0.0
411,Fox News,.@robertjeffress on @FoxFriendsFirst: “Good Friday represents God’s offer to us of the gift we need most in life: t… https://t.co/ChvXqLeEvl,Fri Mar 30 10:16:48 +0000 2018,0.4404,0.132,0.868,0.0
412,Fox News,OPINION: A parent's love on Good Friday (via @FoxNewsOpinion) https://t.co/Jn2QTwRv4U,Fri Mar 30 10:10:00 +0000 2018,0.7964,0.504,0.496,0.0
413,Fox News,"Suspect accused of posing as police officer, killing Kentucky cop killed by law enforcement https://t.co/YEkM31JYlr",Fri Mar 30 10:09:33 +0000 2018,-0.9231,0.0,0.453,0.547
414,Fox News,"Two personnel killed, five wounded in Syria bombing, coalition says https://t.co/cdOriFHlYy",Fri Mar 30 10:03:03 +0000 2018,-0.6705,0.0,0.69,0.31
415,Fox News,NEED A HAND? A 4-year-old who needed help washing his hands in a Chick-Fil-A restroom decided to take action by cli… https://t.co/UrcxS6H7wU,Fri Mar 30 10:00:01 +0000 2018,0.7672,0.281,0.719,0.0
416,Fox News,Some visa applicants may have to fork over social media information to @StateDept https://t.co/3fRGPHF9w6,Fri Mar 30 09:55:00 +0000 2018,0.0,0.0,1.0,0.0
417,Fox News,"Coffee needs cancer warning in California, judge rules  https://t.co/9G4uf16OYn",Fri Mar 30 09:45:00 +0000 2018,-0.7783,0.0,0.507,0.493
418,Fox News,Hillary Clinton's $25G for Rutgers speech was less than school paid 'Snooki' (via @RyanGaydos) https://t.co/wPAjDwgkRp,Fri Mar 30 09:39:15 +0000 2018,0.0,0.0,1.0,0.0
419,Fox News,.@POTUS personally called @therealroseanne to congratulate her on ratings https://t.co/9lYicOKRWo https://t.co/d5S81cbtgd,Fri Mar 30 09:36:58 +0000 2018,0.4939,0.242,0.758,0.0
420,CNN,"One of India's most famous landmarks, the Taj Mahal, is planning to place a three-hour cap on visits to avoid overc… https://t.co/xXG9UwEd6z",Fri Mar 30 06:09:05 +0000 2018,-0.296,0.0,0.901,0.099
421,CNN,So-called stumbling stones -- memorials to victims of the Holocaust -- bring history to life for a new generation o… https://t.co/uu4ntF0PU8,Fri Mar 30 06:01:04 +0000 2018,-0.3182,0.0,0.892,0.108
422,CNN,"Russia will expel 60 US diplomats and close the US Consulate in St. Petersburg, Foreign Minister Sergey Lavrov has… https://t.co/IkuwlwA51b",Fri Mar 30 05:51:02 +0000 2018,-0.4404,0.0,0.868,0.132
423,CNN,"If we want to stop Putin, we need to go after his sources of money | By Josh Campbell and Robert Baer via… https://t.co/21HuzQ8QBM",Fri Mar 30 05:46:03 +0000 2018,-0.2263,0.053,0.857,0.09
424,CNN,A legal defense fund site has been set up for former FBI deputy director Andrew McCabe https://t.co/CcT2hvpHTE https://t.co/SJrGuIGQWc,Fri Mar 30 05:31:06 +0000 2018,0.25,0.167,0.833,0.0
425,CNN,A legal defense fund site has been set up for former FBI deputy director Andrew McCabe https://t.co/79lGlgOORC https://t.co/oXrh0lCSST,Fri Mar 30 05:31:06 +0000 2018,0.25,0.167,0.833,0.0
426,CNN,This hockey player breastfeeds her baby during game breaks -- like a total mom boss https://t.co/oGfHwRTLOu https://t.co/UxOseVENRk,Fri Mar 30 05:16:05 +0000 2018,0.3612,0.143,0.857,0.0
427,CNN,A company donated $29 million in cryptocurrency to cover every single teacher request on a crowdfunding site https://t.co/hzJ2d9Vpya,Fri Mar 30 05:01:04 +0000 2018,0.0,0.0,1.0,0.0
428,CNN,"""I heard you're actually the devil incarnate and I wanted to meet you,"" Defense Secretary James Mattis joked during… https://t.co/CgIyVne1y4",Fri Mar 30 04:46:19 +0000 2018,-0.3818,0.157,0.661,0.182
429,CNN,"Two commercial pilots flying over the Arizona desert claim they saw an unidentified flying object pass overhead, ac… https://t.co/OyWw74DsEP",Fri Mar 30 04:31:02 +0000 2018,0.0,0.0,1.0,0.0
430,CNN,"More than 200 retired US diplomats are sounding the alarm about diplomacy under Trump, urging lawmakers to ensure t… https://t.co/2u1BabDKLi",Fri Mar 30 04:16:04 +0000 2018,0.0516,0.113,0.783,0.104
431,CNN,"This curious cheetah hopped into a car on a safari trip. Thankfully, everyone remained calm, and no one was hurt… https://t.co/oK2WrcRLFs",Fri Mar 30 04:01:46 +0000 2018,0.6369,0.301,0.61,0.089
432,CNN,"Would you ride in this ""Roseanne"" car? A New York City subway train car has been transformed to resemble Roseanne's… https://t.co/uSm5W59cfP",Fri Mar 30 04:00:00 +0000 2018,0.0,0.0,1.0,0.0
433,CNN,"The EPA circulated new talking points that downplay the role of human activity in climate change, instructing staff… https://t.co/QEjx1eqKb2",Fri Mar 30 03:46:02 +0000 2018,0.0,0.0,1.0,0.0
434,CNN,Spotify is about to go public — and one analyst thinks it could be worth $43.5 billion https://t.co/YFGqBucxsX https://t.co/oxHsXGdhVh,Fri Mar 30 03:31:04 +0000 2018,0.2263,0.101,0.899,0.0
435,CNN,A London orchestra's brass section was so loud a violist says it ruined his hearing. A judge agreed.… https://t.co/6yNRrWsEdM,Fri Mar 30 03:24:51 +0000 2018,-0.4767,0.0,0.829,0.171
436,CNN,The Trump administration plans to require nearly all visa applicants to the US to submit five years of social media… https://t.co/utAwtGucsr,Fri Mar 30 03:16:07 +0000 2018,0.0,0.0,1.0,0.0
437,CNN,"Days after five members of the same family were killed when their SUV went over a cliff, investigators are still lo… https://t.co/TxwiLmAomF",Fri Mar 30 03:16:02 +0000 2018,-0.6705,0.0,0.816,0.184
438,CNN,Human rights lawyer Amal Clooney has agreed to represent two Reuters journalists who have been jailed in Myanmar an… https://t.co/8Bo1vTvhYY,Fri Mar 30 03:01:07 +0000 2018,-0.2732,0.09,0.773,0.137
439,CNN,"Draylen Mason had just been admitted to a prestigious music school, but the 17-year-old died in the Austin bombings… https://t.co/kPiOxoRerr",Fri Mar 30 02:56:03 +0000 2018,-0.6908,0.052,0.736,0.212
440,BBC News (World),Trump attacks Amazon for paying 'little or no taxes' https://t.co/rTHNIRQp00,Thu Mar 29 14:19:10 +0000 2018,-0.4804,0.126,0.518,0.357
441,BBC News (World),VW to buy back cars hit by German city diesel bans https://t.co/zSEHoTyU7E,Thu Mar 29 14:19:10 +0000 2018,0.0,0.0,1.0,0.0
442,BBC News (World),Barclays pays $2bn to settle US fraud case https://t.co/OYF3mPgN9q,Thu Mar 29 14:19:10 +0000 2018,-0.5859,0.0,0.678,0.322
443,BBC News (World),"RT @BBCtrending: A heartfelt outcry. But is it ""trial by social media""? The story behind #IBelieveHer https://t.co/6aVhzw5oYF",Thu Mar 29 13:41:21 +0000 2018,0.0516,0.168,0.673,0.159
444,BBC News (World),PAOK Salonika: Gun incident sees Greek club's president banned https://t.co/m9eiwanNd9,Thu Mar 29 13:25:32 +0000 2018,-0.6597,0.0,0.597,0.403
445,BBC News (World),California car cliff plunge kills US family https://t.co/vXhDe84pvJ,Thu Mar 29 13:20:12 +0000 2018,-0.5423,0.0,0.667,0.333
446,BBC News (World),David Shulkin: Sacked secretary in parting shot at Trump https://t.co/Teh6jVB7GQ,Thu Mar 29 13:02:23 +0000 2018,0.0,0.0,1.0,0.0
447,BBC News (World),When a cheetah interrupts your safari (don't look around) 👀 https://t.co/T9cOUdpCl6,Thu Mar 29 12:45:48 +0000 2018,-0.3182,0.0,0.777,0.223
448,BBC News (World),Up close: The moment a cheetah joined a safari https://t.co/BWbPBFTVdI,Thu Mar 29 11:57:27 +0000 2018,0.0,0.0,1.0,0.0
449,BBC News (World),Germany migrants: Plans to keep asylum seekers in 'anchor centres' https://t.co/Pf1cCXBQth,Thu Mar 29 11:37:46 +0000 2018,0.0,0.0,1.0,0.0
450,BBC News (World),Police use tear gas to disperse crowds desperate for news of loved ones after at least 68 people died in fire at po… https://t.co/9eIMe3tUlR,Thu Mar 29 11:14:05 +0000 2018,-0.5267,0.121,0.621,0.258
451,BBC News (World),RT @BBCBreaking: French police arrest man in Grenoble after group of soldiers were almost hit by a car while jogging near their barracks ht…,Thu Mar 29 11:01:45 +0000 2018,-0.34,0.0,0.902,0.098
452,BBC News (World),Czechs consider national anthem update https://t.co/NDfnoewnK5,Thu Mar 29 10:52:18 +0000 2018,0.0,0.0,1.0,0.0
453,BBC News (World),"Owner reunited with camera lost at sea for two years (It still works by the way)

https://t.co/DKd10DtuwL https://t.co/McyZjxgtgB",Thu Mar 29 10:41:12 +0000 2018,-0.3182,0.0,0.881,0.119
454,BBC News (World),Thai beach from Leonardo DiCaprio film to close temporarily https://t.co/u3V69MIxHY,Thu Mar 29 09:59:23 +0000 2018,0.0,0.0,1.0,0.0
455,BBC News (World),"RT @BBCNews: Balls, cherries or cakes.
 
What's the biggest #Brexit cliché of all? 

https://t.co/W77gVN8RvN https://t.co/KLIpCV1JVA",Thu Mar 29 09:35:03 +0000 2018,0.0,0.0,1.0,0.0
456,BBC News (World),'Fake' India journalists held in Australia over human trafficking https://t.co/2dupZZwWAH,Thu Mar 29 09:29:39 +0000 2018,0.0,0.0,1.0,0.0
457,BBC News (World),Sean Penn's debut novel is trashed by critics https://t.co/HnWQ1aTAFO,Thu Mar 29 09:22:15 +0000 2018,0.0258,0.2,0.609,0.191
458,BBC News (World),"""I'll do everything I can to make up for my mistake and the damage it's caused."" 

Suspended Australian cricket cap… https://t.co/hqG3GDUQtE",Thu Mar 29 09:13:22 +0000 2018,-0.8271,0.0,0.661,0.339
459,BBC News (World),"RT @bbctms: Steve Smith gives emotional media conference at Sydney airport.

Refuses to put blame onto David Warner or others. 

""I don't b…",Thu Mar 29 09:05:37 +0000 2018,-0.2023,0.064,0.84,0.096
460,CBS News,Does the post office lose money on Amazon? https://t.co/Aba2MfjyoW https://t.co/Mm0kB7Dfq0,Fri Mar 30 07:48:03 +0000 2018,-0.25,0.137,0.645,0.218
461,CBS News,"Fact check: Trump's White House stretches truth on Census changes, AP finds https://t.co/BChyzBb8wf https://t.co/tUL33iEXnA",Fri Mar 30 07:33:04 +0000 2018,0.3182,0.15,0.85,0.0
462,CBS News,"""Don't make me go back"": Troubling allegations emerge after family's SUV cliff plunge https://t.co/kTqO8GBupm https://t.co/gqGHZUKq14",Fri Mar 30 07:18:03 +0000 2018,-0.5423,0.0,0.8,0.2
463,CBS News,"Terry J. Albury, former FBI agent in Minneapolis, accused of leaking files to media https://t.co/TPMinimLwR https://t.co/UAuh5WYTMz",Fri Mar 30 07:03:04 +0000 2018,-0.296,0.0,0.872,0.128
464,CBS News,"Defense Sec. Mattis jokes that he heard Bolton is ""devil incarnate"" at first meeting https://t.co/E66wHtfR7F https://t.co/pUQ5g3an7d",Fri Mar 30 06:48:03 +0000 2018,-0.4404,0.167,0.622,0.211
465,CBS News,U.S. to seek social media usernames and details from all visa applicants https://t.co/mRZdIN8zqX https://t.co/uedjqVxCAO,Fri Mar 30 06:33:04 +0000 2018,0.0,0.0,1.0,0.0
466,CBS News,"5 ways the ""Roseanne"" reboot embraces modern America https://t.co/lk8TAJ66Zk https://t.co/kscIB5715b",Fri Mar 30 06:18:04 +0000 2018,0.0,0.0,1.0,0.0
467,CBS News,Royal wedding countdown: Time for personal touches on Prince Harry and Meghan Markle's nuptials… https://t.co/zdNg2AbX9U,Fri Mar 30 06:03:03 +0000 2018,0.0,0.0,1.0,0.0
468,CBS News,"Adnan Syed case: Appeals court grants new trial in ""Serial"" case https://t.co/6tuEtb3tQt https://t.co/UErtvOD4zJ",Fri Mar 30 05:48:03 +0000 2018,0.2263,0.137,0.863,0.0
469,CBS News,"Deaths linked to a common paint stripper chemical go back decades, so why isn't it banned? https://t.co/fXSshEps2D https://t.co/s5xwstTRPu",Fri Mar 30 05:33:04 +0000 2018,0.357,0.134,0.866,0.0
470,CBS News,Massachusetts woman files lawsuit accusing tenant of shooting porn in her home https://t.co/XMc8zDhmx9 https://t.co/LiERD63OAD,Fri Mar 30 05:18:04 +0000 2018,-0.3818,0.0,0.769,0.231
471,CBS News,Drag racer killed in 100-mph crash at Sonoma Raceway in California https://t.co/cEXMEAPquU https://t.co/aWWk0MV20v,Fri Mar 30 05:03:04 +0000 2018,-0.8442,0.0,0.524,0.476
472,CBS News,Trump threatens to hold up South Korea trade agreement until North Korea talks https://t.co/pR3oqANNlb https://t.co/q7fyj7PRmD,Fri Mar 30 04:48:03 +0000 2018,0.1531,0.17,0.691,0.138
473,CBS News,Mom shifted blame for deaths of children found in car seats https://t.co/N8ZEOslDFS https://t.co/5SpyM1DYF0,Fri Mar 30 04:38:18 +0000 2018,-0.34,0.0,0.833,0.167
474,CBS News,"Off-duty officer shot in Kentucky, suspect on the run, mayor says https://t.co/WT5ioYU600 https://t.co/ztNjW4NRgM",Fri Mar 30 04:30:12 +0000 2018,-0.296,0.0,0.845,0.155
475,CBS News,ICE ends automatic release of most pregnant detainees https://t.co/wzMGoFmyH9 https://t.co/UVA2BeXtKO,Fri Mar 30 04:24:05 +0000 2018,0.0,0.0,1.0,0.0
476,CBS News,Youth from famed photo believed among dead as SUV flies off cliff https://t.co/eLmkkaEdxk https://t.co/nwtd6DTtVs,Fri Mar 30 04:18:03 +0000 2018,-0.6486,0.0,0.751,0.249
477,CBS News,Father who left toddler son to die after crash guilty of murder https://t.co/8BmYUNBvH1 https://t.co/QdzTckOePh,Fri Mar 30 04:03:05 +0000 2018,-0.9337,0.0,0.415,0.585
478,CBS News,Neighbors say they reported parents before deadly plunge off California cliff https://t.co/g80IallJEP https://t.co/ZuDB1N9Iok,Fri Mar 30 03:48:03 +0000 2018,0.0,0.0,1.0,0.0
479,CBS News,Laura Ingraham's advertisers distance themselves after David Hogg comments https://t.co/XwoeLUtDEX https://t.co/OY1VA13vFx,Fri Mar 30 03:39:23 +0000 2018,0.0,0.0,1.0,0.0
480,The New York Times,"Days after researchers announced that a tiny mummy once rumored to be an alien was actually a human infant, Chilean… https://t.co/pWHjcteuAg",Fri Mar 30 06:02:52 +0000 2018,0.0,0.0,1.0,0.0
481,The New York Times,"Tesla once looked like the future of the car industry. But as it burns cash and hits production snags, its own futu… https://t.co/BKoQri2pcC",Fri Mar 30 05:46:52 +0000 2018,0.3612,0.102,0.898,0.0
482,The New York Times,A sprawling exhibition in Amsterdam looks at how a fascination with Japan shaped van Gogh's work https://t.co/ot2sNAyfbR,Fri Mar 30 05:28:26 +0000 2018,0.4939,0.186,0.814,0.0
483,The New York Times,Jews Are Being Murdered in Paris. Again. https://t.co/U8Ios4m8vk,Fri Mar 30 05:12:05 +0000 2018,-0.6597,0.0,0.614,0.386
484,The New York Times,Some of the most vocal Parkland seniors — whether accepted or denied to their top college choices — are rethinking… https://t.co/5DjrpLjU0l,Fri Mar 30 05:07:48 +0000 2018,0.0,0.171,0.702,0.127
485,The New York Times,Some of the most vocal Parkland seniors — whether accepted or denied to their top college choices — are rethinking… https://t.co/ez3RxADRxa,Fri Mar 30 04:49:36 +0000 2018,0.0,0.171,0.702,0.127
486,The New York Times,"President Trump and his old friend David Pecker, whose company owns The National Enquirer, have long had a mutually… https://t.co/SStfyOVJeP",Fri Mar 30 04:31:03 +0000 2018,0.4939,0.151,0.849,0.0
487,The New York Times,RT @nytpolitics: Attorney General Jeff Sessions rejected calls to appoint a second special counsel to investigate the Justice Department su…,Fri Mar 30 04:16:04 +0000 2018,0.4215,0.24,0.63,0.13
488,The New York Times,"RT @NYTHealth: There is something ugly inside your rubber ducky, scientists say https://t.co/5JFFHBCv6e",Fri Mar 30 04:01:38 +0000 2018,-0.5106,0.0,0.784,0.216
489,The New York Times,"A Quick Online Divorce for $60? Not So Fast, Denmark Says https://t.co/mlCHREYMeS",Fri Mar 30 03:44:14 +0000 2018,0.0,0.0,1.0,0.0
490,The New York Times,"RT @koblin: The day after 2016 election, top ABC execs held a meeting to figure out how to program in the Trump era. 18 months later, Rosea…",Fri Mar 30 03:31:03 +0000 2018,0.2023,0.067,0.933,0.0
491,The New York Times,"Gym.
Tan.
Laundry.
Check on the kids. 
https://t.co/gqMNDPIhKL",Fri Mar 30 03:16:06 +0000 2018,0.0,0.0,1.0,0.0
492,The New York Times,The U.N. secretary general called climate change “the most systemic threat to humankind” https://t.co/6qOyRo5UE4,Fri Mar 30 03:01:05 +0000 2018,-0.5688,0.0,0.779,0.221
493,The New York Times,The judge who is presiding at the retrial of Bill Cosby rejected defense motions to recuse himself because his wife… https://t.co/oscBX31Y9D,Fri Mar 30 02:46:01 +0000 2018,-0.4215,0.063,0.798,0.139
494,The New York Times,"RT @katekelly: Friends of media mogul David Pecker broke bread with Trump at the White House, cementing a crucial link to the Saudi busines…",Fri Mar 30 02:38:20 +0000 2018,0.0772,0.115,0.781,0.104
495,The New York Times,The shake-up in the Veterans Affairs department has brought renewed focus to the debate over privatizing veterans'… https://t.co/eoyrP4aYbc,Fri Mar 30 02:31:03 +0000 2018,0.0,0.0,1.0,0.0
496,The New York Times,"In Opinion,

@rgay writes: ""No amount of mental gymnastics can make what Roseanne Barr has said and done in recent… https://t.co/WIAVJ6gjo6",Fri Mar 30 02:16:04 +0000 2018,-0.296,0.0,0.901,0.099
497,The New York Times,Hope Hicks has left the building. Those left behind are wondering what happens now. https://t.co/uadHGL9Ssu,Fri Mar 30 02:01:04 +0000 2018,0.4404,0.172,0.828,0.0
498,The New York Times,RT @mmcintire: Exclusive: How Trump helped tabloid mogul who buried story of alleged affair with Playboy playmate w/@jimrutenberg @katekell…,Fri Mar 30 01:57:00 +0000 2018,0.128,0.077,0.923,0.0
499,The New York Times,"Trump and Pecker have long had a mutually beneficial relationship. 

Pecker's company has championed Trump by buryi… https://t.co/FOQJKEJe2j",Fri Mar 30 01:56:33 +0000 2018,0.6249,0.254,0.746,0.0
